Analysis & Synthesis report for eventvault_r
Tue Sep 22 18:59:01 2026
Quartus Prime Version 25.1std.0 Build 1129 10/21/2025 SC Standard Edition


---------------------
; Table of Contents ;
---------------------
  1. Legal Notice
  2. Analysis & Synthesis Summary
  3. Analysis & Synthesis Settings
  4. Parallel Compilation
  5. Analysis & Synthesis Source Files Read
  6. Analysis & Synthesis Resource Usage Summary
  7. Analysis & Synthesis Resource Utilization by Entity
  8. Analysis & Synthesis RAM Summary
  9. Analysis & Synthesis DSP Block Usage Summary
 10. State Machine - |evaultr_top|dwt_2d_top:dwt_inst|top_state
 11. State Machine - |evaultr_top|dwt_2d_top:dwt_inst|dwt_2d_level:level_3|state
 12. State Machine - |evaultr_top|dwt_2d_top:dwt_inst|dwt_2d_level:level_3|dwt_1d_bior:u_dwt_b|state
 13. State Machine - |evaultr_top|dwt_2d_top:dwt_inst|dwt_2d_level:level_3|dwt_1d_bior:u_dwt_a|state
 14. State Machine - |evaultr_top|dwt_2d_top:dwt_inst|dwt_2d_level:level_2|state
 15. State Machine - |evaultr_top|dwt_2d_top:dwt_inst|dwt_2d_level:level_2|dwt_1d_bior:u_dwt_b|state
 16. State Machine - |evaultr_top|dwt_2d_top:dwt_inst|dwt_2d_level:level_2|dwt_1d_bior:u_dwt_a|state
 17. State Machine - |evaultr_top|dwt_2d_top:dwt_inst|dwt_2d_level:level_1|state
 18. State Machine - |evaultr_top|dwt_2d_top:dwt_inst|dwt_2d_level:level_1|dwt_1d_bior:u_dwt_b|state
 19. State Machine - |evaultr_top|dwt_2d_top:dwt_inst|dwt_2d_level:level_1|dwt_1d_bior:u_dwt_a|state
 20. Registers Removed During Synthesis
 21. Removed Registers Triggering Further Register Optimizations
 22. General Register Statistics
 23. Inverted Register Statistics
 24. Registers Packed Into Inferred Megafunctions
 25. Multiplexer Restructuring Statistics (Restructuring Performed)
 26. Source assignments for dwt_2d_top:dwt_inst|altsyncram:ll1_buf_rtl_0|altsyncram_n9p1:auto_generated
 27. Source assignments for dwt_2d_top:dwt_inst|altsyncram:ll2_buf_rtl_0|altsyncram_14p1:auto_generated
 28. Source assignments for dwt_2d_top:dwt_inst|dwt_2d_level:level_3|altsyncram:L_rows_rtl_0|altsyncram_d3p1:auto_generated
 29. Source assignments for dwt_2d_top:dwt_inst|dwt_2d_level:level_3|altsyncram:res_LL_rtl_0|altsyncram_h3p1:auto_generated
 30. Source assignments for dwt_2d_top:dwt_inst|dwt_2d_level:level_3|dwt_1d_bior:u_dwt_a|altsyncram:x_buf_rtl_0|altsyncram_10p1:auto_generated
 31. Source assignments for dwt_2d_top:dwt_inst|dwt_2d_level:level_2|altsyncram:L_rows_rtl_0|altsyncram_l6p1:auto_generated
 32. Source assignments for dwt_2d_top:dwt_inst|dwt_2d_level:level_2|altsyncram:res_LL_rtl_0|altsyncram_14p1:auto_generated
 33. Source assignments for dwt_2d_top:dwt_inst|dwt_2d_level:level_2|dwt_1d_bior:u_dwt_a|altsyncram:x_buf_rtl_0|altsyncram_d0p1:auto_generated
 34. Source assignments for dwt_2d_top:dwt_inst|dwt_2d_level:level_1|altsyncram:L_rows_rtl_0|altsyncram_79p1:auto_generated
 35. Source assignments for dwt_2d_top:dwt_inst|dwt_2d_level:level_1|altsyncram:res_LL_rtl_0|altsyncram_n9p1:auto_generated
 36. Source assignments for dwt_2d_top:dwt_inst|dwt_2d_level:level_1|dwt_1d_bior:u_dwt_a|altsyncram:x_buf_rtl_0|altsyncram_f0p1:auto_generated
 37. Parameter Settings for User Entity Instance: Top-level Entity: |evaultr_top
 38. Parameter Settings for User Entity Instance: dwt_2d_top:dwt_inst
 39. Parameter Settings for User Entity Instance: dwt_2d_top:dwt_inst|dwt_2d_level:level_1
 40. Parameter Settings for User Entity Instance: dwt_2d_top:dwt_inst|dwt_2d_level:level_1|dwt_1d_bior:u_dwt_a
 41. Parameter Settings for User Entity Instance: dwt_2d_top:dwt_inst|dwt_2d_level:level_1|dwt_1d_bior:u_dwt_b
 42. Parameter Settings for User Entity Instance: dwt_2d_top:dwt_inst|dwt_2d_level:level_2
 43. Parameter Settings for User Entity Instance: dwt_2d_top:dwt_inst|dwt_2d_level:level_2|dwt_1d_bior:u_dwt_a
 44. Parameter Settings for User Entity Instance: dwt_2d_top:dwt_inst|dwt_2d_level:level_2|dwt_1d_bior:u_dwt_b
 45. Parameter Settings for User Entity Instance: dwt_2d_top:dwt_inst|dwt_2d_level:level_3
 46. Parameter Settings for User Entity Instance: dwt_2d_top:dwt_inst|dwt_2d_level:level_3|dwt_1d_bior:u_dwt_a
 47. Parameter Settings for User Entity Instance: dwt_2d_top:dwt_inst|dwt_2d_level:level_3|dwt_1d_bior:u_dwt_b
 48. Parameter Settings for User Entity Instance: science_guardrail:guardrail_inst
 49. Parameter Settings for User Entity Instance: science_guardrail:guardrail_inst|line_buffer:lb5
 50. Parameter Settings for Inferred Entity Instance: dwt_2d_top:dwt_inst|altsyncram:ll1_buf_rtl_0
 51. Parameter Settings for Inferred Entity Instance: dwt_2d_top:dwt_inst|altsyncram:ll2_buf_rtl_0
 52. Parameter Settings for Inferred Entity Instance: dwt_2d_top:dwt_inst|dwt_2d_level:level_3|altsyncram:L_rows_rtl_0
 53. Parameter Settings for Inferred Entity Instance: dwt_2d_top:dwt_inst|dwt_2d_level:level_3|altsyncram:res_LL_rtl_0
 54. Parameter Settings for Inferred Entity Instance: dwt_2d_top:dwt_inst|dwt_2d_level:level_3|dwt_1d_bior:u_dwt_a|altsyncram:x_buf_rtl_0
 55. Parameter Settings for Inferred Entity Instance: dwt_2d_top:dwt_inst|dwt_2d_level:level_2|altsyncram:L_rows_rtl_0
 56. Parameter Settings for Inferred Entity Instance: dwt_2d_top:dwt_inst|dwt_2d_level:level_2|altsyncram:res_LL_rtl_0
 57. Parameter Settings for Inferred Entity Instance: dwt_2d_top:dwt_inst|dwt_2d_level:level_2|dwt_1d_bior:u_dwt_a|altsyncram:x_buf_rtl_0
 58. Parameter Settings for Inferred Entity Instance: dwt_2d_top:dwt_inst|dwt_2d_level:level_1|altsyncram:L_rows_rtl_0
 59. Parameter Settings for Inferred Entity Instance: dwt_2d_top:dwt_inst|dwt_2d_level:level_1|altsyncram:res_LL_rtl_0
 60. Parameter Settings for Inferred Entity Instance: dwt_2d_top:dwt_inst|dwt_2d_level:level_1|dwt_1d_bior:u_dwt_a|altsyncram:x_buf_rtl_0
 61. altsyncram Parameter Settings by Entity Instance
 62. Port Connectivity Checks: "science_guardrail:guardrail_inst"
 63. Port Connectivity Checks: "dwt_2d_top:dwt_inst|dwt_2d_level:level_3|dwt_1d_bior:u_dwt_b"
 64. Port Connectivity Checks: "dwt_2d_top:dwt_inst|dwt_2d_level:level_3|dwt_1d_bior:u_dwt_a"
 65. Port Connectivity Checks: "dwt_2d_top:dwt_inst|dwt_2d_level:level_3"
 66. Port Connectivity Checks: "dwt_2d_top:dwt_inst|dwt_2d_level:level_2|dwt_1d_bior:u_dwt_b"
 67. Port Connectivity Checks: "dwt_2d_top:dwt_inst|dwt_2d_level:level_2|dwt_1d_bior:u_dwt_a"
 68. Port Connectivity Checks: "dwt_2d_top:dwt_inst|dwt_2d_level:level_1|dwt_1d_bior:u_dwt_b"
 69. Port Connectivity Checks: "dwt_2d_top:dwt_inst|dwt_2d_level:level_1|dwt_1d_bior:u_dwt_a"
 70. Port Connectivity Checks: "dwt_2d_top:dwt_inst"
 71. Post-Synthesis Netlist Statistics for Top Partition
 72. Elapsed Time Per Partition
 73. Analysis & Synthesis Messages



----------------
; Legal Notice ;
----------------
Copyright (C) 2025  Altera Corporation. All rights reserved.
Your use of Altera Corporation's design tools, logic functions 
and other software and tools, and any partner logic 
functions, and any output files from any of the foregoing 
(including device programming or simulation files), and any 
associated documentation or information are expressly subject 
to the terms and conditions of the Altera Program License 
Subscription Agreement, the Altera Quartus Prime License Agreement,
the Altera IP License Agreement, or other applicable license
agreement, including, without limitation, that your use is for
the sole purpose of programming logic devices manufactured by
Altera and sold by Altera or its authorized distributors.  Please
refer to the Altera Software License Subscription Agreements 
on the Quartus Prime software download page.



+---------------------------------------------------------------------------------------+
; Analysis & Synthesis Summary                                                          ;
+---------------------------------+-----------------------------------------------------+
; Analysis & Synthesis Status     ; Successful - Tue Sep 22 18:59:01 2026               ;
; Quartus Prime Version           ; 25.1std.0 Build 1129 10/21/2025 SC Standard Edition ;
; Revision Name                   ; eventvault_r                                        ;
; Top-level Entity Name           ; evaultr_top                                         ;
; Family                          ; Cyclone V                                           ;
; Logic utilization (in ALMs)     ; N/A                                                 ;
; Total registers                 ; 1186                                                ;
; Total pins                      ; 2                                                   ;
; Total virtual pins              ; 176                                                 ;
; Total block memory bits         ; 234,656                                             ;
; Total DSP Blocks                ; 15                                                  ;
; Total HSSI RX PCSs              ; 0                                                   ;
; Total HSSI PMA RX Deserializers ; 0                                                   ;
; Total HSSI TX PCSs              ; 0                                                   ;
; Total HSSI PMA TX Serializers   ; 0                                                   ;
; Total PLLs                      ; 0                                                   ;
; Total DLLs                      ; 0                                                   ;
+---------------------------------+-----------------------------------------------------+


+---------------------------------------------------------------------------------------------------------------------------+
; Analysis & Synthesis Settings                                                                                             ;
+---------------------------------------------------------------------------------+--------------------+--------------------+
; Option                                                                          ; Setting            ; Default Value      ;
+---------------------------------------------------------------------------------+--------------------+--------------------+
; Device                                                                          ; 5CSEMA5F31C6       ;                    ;
; Top-level entity name                                                           ; evaultr_top        ; eventvault_r       ;
; Family name                                                                     ; Cyclone V          ; Cyclone V          ;
; Use smart compilation                                                           ; Off                ; Off                ;
; Enable parallel Assembler and Timing Analyzer during compilation                ; On                 ; On                 ;
; Enable compact report table                                                     ; Off                ; Off                ;
; Restructure Multiplexers                                                        ; Auto               ; Auto               ;
; MLAB Add Timing Constraints For Mixed-Port Feed-Through Mode Setting Don't Care ; Off                ; Off                ;
; Create Debugging Nodes for IP Cores                                             ; Off                ; Off                ;
; Preserve fewer node names                                                       ; On                 ; On                 ;
; Intel FPGA IP Evaluation Mode                                                   ; Enable             ; Enable             ;
; Verilog Version                                                                 ; Verilog_2001       ; Verilog_2001       ;
; VHDL Version                                                                    ; VHDL_1993          ; VHDL_1993          ;
; State Machine Processing                                                        ; Auto               ; Auto               ;
; Safe State Machine                                                              ; Off                ; Off                ;
; Extract Verilog State Machines                                                  ; On                 ; On                 ;
; Extract VHDL State Machines                                                     ; On                 ; On                 ;
; Ignore Verilog initial constructs                                               ; Off                ; Off                ;
; Iteration limit for constant Verilog loops                                      ; 5000               ; 5000               ;
; Iteration limit for non-constant Verilog loops                                  ; 250                ; 250                ;
; Add Pass-Through Logic to Inferred RAMs                                         ; On                 ; On                 ;
; Infer RAMs from Raw Logic                                                       ; On                 ; On                 ;
; Parallel Synthesis                                                              ; On                 ; On                 ;
; DSP Block Balancing                                                             ; Auto               ; Auto               ;
; NOT Gate Push-Back                                                              ; On                 ; On                 ;
; Power-Up Don't Care                                                             ; On                 ; On                 ;
; Remove Redundant Logic Cells                                                    ; Off                ; Off                ;
; Remove Duplicate Registers                                                      ; On                 ; On                 ;
; Ignore CARRY Buffers                                                            ; Off                ; Off                ;
; Ignore CASCADE Buffers                                                          ; Off                ; Off                ;
; Ignore GLOBAL Buffers                                                           ; Off                ; Off                ;
; Ignore ROW GLOBAL Buffers                                                       ; Off                ; Off                ;
; Ignore LCELL Buffers                                                            ; Off                ; Off                ;
; Ignore SOFT Buffers                                                             ; On                 ; On                 ;
; Limit AHDL Integers to 32 Bits                                                  ; Off                ; Off                ;
; Optimization Technique                                                          ; Balanced           ; Balanced           ;
; Carry Chain Length                                                              ; 70                 ; 70                 ;
; Auto Carry Chains                                                               ; On                 ; On                 ;
; Auto Open-Drain Pins                                                            ; On                 ; On                 ;
; Perform WYSIWYG Primitive Resynthesis                                           ; Off                ; Off                ;
; Auto ROM Replacement                                                            ; On                 ; On                 ;
; Auto RAM Replacement                                                            ; On                 ; On                 ;
; Auto DSP Block Replacement                                                      ; On                 ; On                 ;
; Auto Shift Register Replacement                                                 ; Auto               ; Auto               ;
; Allow Shift Register Merging across Hierarchies                                 ; Auto               ; Auto               ;
; Auto Clock Enable Replacement                                                   ; On                 ; On                 ;
; Strict RAM Replacement                                                          ; Off                ; Off                ;
; Allow Synchronous Control Signals                                               ; On                 ; On                 ;
; Force Use of Synchronous Clear Signals                                          ; Off                ; Off                ;
; Auto Resource Sharing                                                           ; Off                ; Off                ;
; Allow Any RAM Size For Recognition                                              ; Off                ; Off                ;
; Allow Any ROM Size For Recognition                                              ; Off                ; Off                ;
; Allow Any Shift Register Size For Recognition                                   ; Off                ; Off                ;
; Use LogicLock Constraints during Resource Balancing                             ; On                 ; On                 ;
; Ignore translate_off and synthesis_off directives                               ; Off                ; Off                ;
; Timing-Driven Synthesis                                                         ; On                 ; On                 ;
; Report Parameter Settings                                                       ; On                 ; On                 ;
; Report Source Assignments                                                       ; On                 ; On                 ;
; Report Connectivity Checks                                                      ; On                 ; On                 ;
; Ignore Maximum Fan-Out Assignments                                              ; Off                ; Off                ;
; Synchronization Register Chain Length                                           ; 3                  ; 3                  ;
; Power Optimization During Synthesis                                             ; Normal compilation ; Normal compilation ;
; HDL message level                                                               ; Level2             ; Level2             ;
; Suppress Register Optimization Related Messages                                 ; Off                ; Off                ;
; Number of Removed Registers Reported in Synthesis Report                        ; 5000               ; 5000               ;
; Number of Swept Nodes Reported in Synthesis Report                              ; 5000               ; 5000               ;
; Number of Inverted Registers Reported in Synthesis Report                       ; 100                ; 100                ;
; Clock MUX Protection                                                            ; On                 ; On                 ;
; Auto Gated Clock Conversion                                                     ; Off                ; Off                ;
; Block Design Naming                                                             ; Auto               ; Auto               ;
; SDC constraint protection                                                       ; Off                ; Off                ;
; Synthesis Effort                                                                ; Auto               ; Auto               ;
; Shift Register Replacement - Allow Asynchronous Clear Signal                    ; On                 ; On                 ;
; Pre-Mapping Resynthesis Optimization                                            ; Off                ; Off                ;
; Analysis & Synthesis Message Level                                              ; Medium             ; Medium             ;
; Disable Register Merging Across Hierarchies                                     ; Auto               ; Auto               ;
; Resource Aware Inference For Block RAM                                          ; On                 ; On                 ;
; Automatic Parallel Synthesis                                                    ; On                 ; On                 ;
; Partial Reconfiguration Bitstream ID                                            ; Off                ; Off                ;
+---------------------------------------------------------------------------------+--------------------+--------------------+


+------------------------------------------+
; Parallel Compilation                     ;
+----------------------------+-------------+
; Processors                 ; Number      ;
+----------------------------+-------------+
; Number detected on machine ; 20          ;
; Maximum allowed            ; 12          ;
;                            ;             ;
; Average used               ; 1.00        ;
; Maximum used               ; 12          ;
;                            ;             ;
; Usage by Processor         ; % Time Used ;
;     Processor 1            ; 100.0%      ;
;     Processor 2            ;   0.0%      ;
;     Processor 3            ;   0.0%      ;
;     Processor 4            ;   0.0%      ;
;     Processor 5            ;   0.0%      ;
;     Processor 6            ;   0.0%      ;
;     Processor 7            ;   0.0%      ;
;     Processor 8            ;   0.0%      ;
;     Processors 9-12        ;   0.0%      ;
+----------------------------+-------------+


+---------------------------------------------------------------------------------------------------------------------------------------------------------------------------------------------------+
; Analysis & Synthesis Source Files Read                                                                                                                                                            ;
+---------------------------------------+-----------------+------------------------------+------------------------------------------------------------------------------------------------+---------+
; File Name with User-Entered Path      ; Used in Netlist ; File Type                    ; File Name with Absolute Path                                                                   ; Library ;
+---------------------------------------+-----------------+------------------------------+------------------------------------------------------------------------------------------------+---------+
; ../rtl/evaultr_top.sv                 ; yes             ; User SystemVerilog HDL File  ; C:/Users/student/Documents/event-vault-R/event-vault-R/fpga/rtl/evaultr_top.sv                 ;         ;
; ../rtl/dwt/dwt_2d_top.sv              ; yes             ; User SystemVerilog HDL File  ; C:/Users/student/Documents/event-vault-R/event-vault-R/fpga/rtl/dwt/dwt_2d_top.sv              ;         ;
; ../rtl/dwt/dwt_2d_level.sv            ; yes             ; User SystemVerilog HDL File  ; C:/Users/student/Documents/event-vault-R/event-vault-R/fpga/rtl/dwt/dwt_2d_level.sv            ;         ;
; ../rtl/dwt/dwt_1d_bior.sv             ; yes             ; User SystemVerilog HDL File  ; C:/Users/student/Documents/event-vault-R/event-vault-R/fpga/rtl/dwt/dwt_1d_bior.sv             ;         ;
; ../rtl/buffers/line_buffer.sv         ; yes             ; User SystemVerilog HDL File  ; C:/Users/student/Documents/event-vault-R/event-vault-R/fpga/rtl/buffers/line_buffer.sv         ;         ;
; ../rtl/guardrail/science_guardrail.sv ; yes             ; User SystemVerilog HDL File  ; C:/Users/student/Documents/event-vault-R/event-vault-R/fpga/rtl/guardrail/science_guardrail.sv ;         ;
; altsyncram.tdf                        ; yes             ; Megafunction                 ; c:/altera_standard/25.1std/quartus/libraries/megafunctions/altsyncram.tdf                      ;         ;
; stratix_ram_block.inc                 ; yes             ; Megafunction                 ; c:/altera_standard/25.1std/quartus/libraries/megafunctions/stratix_ram_block.inc               ;         ;
; lpm_mux.inc                           ; yes             ; Megafunction                 ; c:/altera_standard/25.1std/quartus/libraries/megafunctions/lpm_mux.inc                         ;         ;
; lpm_decode.inc                        ; yes             ; Megafunction                 ; c:/altera_standard/25.1std/quartus/libraries/megafunctions/lpm_decode.inc                      ;         ;
; aglobal251.inc                        ; yes             ; Megafunction                 ; c:/altera_standard/25.1std/quartus/libraries/megafunctions/aglobal251.inc                      ;         ;
; a_rdenreg.inc                         ; yes             ; Megafunction                 ; c:/altera_standard/25.1std/quartus/libraries/megafunctions/a_rdenreg.inc                       ;         ;
; altrom.inc                            ; yes             ; Megafunction                 ; c:/altera_standard/25.1std/quartus/libraries/megafunctions/altrom.inc                          ;         ;
; altram.inc                            ; yes             ; Megafunction                 ; c:/altera_standard/25.1std/quartus/libraries/megafunctions/altram.inc                          ;         ;
; altdpram.inc                          ; yes             ; Megafunction                 ; c:/altera_standard/25.1std/quartus/libraries/megafunctions/altdpram.inc                        ;         ;
; db/altsyncram_n9p1.tdf                ; yes             ; Auto-Generated Megafunction  ; C:/Users/student/Documents/event-vault-R/event-vault-R/fpga/quartus/db/altsyncram_n9p1.tdf     ;         ;
; db/altsyncram_14p1.tdf                ; yes             ; Auto-Generated Megafunction  ; C:/Users/student/Documents/event-vault-R/event-vault-R/fpga/quartus/db/altsyncram_14p1.tdf     ;         ;
; db/altsyncram_d3p1.tdf                ; yes             ; Auto-Generated Megafunction  ; C:/Users/student/Documents/event-vault-R/event-vault-R/fpga/quartus/db/altsyncram_d3p1.tdf     ;         ;
; db/altsyncram_h3p1.tdf                ; yes             ; Auto-Generated Megafunction  ; C:/Users/student/Documents/event-vault-R/event-vault-R/fpga/quartus/db/altsyncram_h3p1.tdf     ;         ;
; db/altsyncram_10p1.tdf                ; yes             ; Auto-Generated Megafunction  ; C:/Users/student/Documents/event-vault-R/event-vault-R/fpga/quartus/db/altsyncram_10p1.tdf     ;         ;
; db/altsyncram_l6p1.tdf                ; yes             ; Auto-Generated Megafunction  ; C:/Users/student/Documents/event-vault-R/event-vault-R/fpga/quartus/db/altsyncram_l6p1.tdf     ;         ;
; db/altsyncram_d0p1.tdf                ; yes             ; Auto-Generated Megafunction  ; C:/Users/student/Documents/event-vault-R/event-vault-R/fpga/quartus/db/altsyncram_d0p1.tdf     ;         ;
; db/altsyncram_79p1.tdf                ; yes             ; Auto-Generated Megafunction  ; C:/Users/student/Documents/event-vault-R/event-vault-R/fpga/quartus/db/altsyncram_79p1.tdf     ;         ;
; db/altsyncram_f0p1.tdf                ; yes             ; Auto-Generated Megafunction  ; C:/Users/student/Documents/event-vault-R/event-vault-R/fpga/quartus/db/altsyncram_f0p1.tdf     ;         ;
+---------------------------------------+-----------------+------------------------------+------------------------------------------------------------------------------------------------+---------+


+---------------------------------------------------------+
; Analysis & Synthesis Resource Usage Summary             ;
+---------------------------------------------+-----------+
; Resource                                    ; Usage     ;
+---------------------------------------------+-----------+
; Estimate of Logic utilization (ALMs needed) ; 1054      ;
;                                             ;           ;
; Combinational ALUT usage for logic          ; 1624      ;
;     -- 7 input functions                    ; 15        ;
;     -- 6 input functions                    ; 167       ;
;     -- 5 input functions                    ; 179       ;
;     -- 4 input functions                    ; 168       ;
;     -- <=3 input functions                  ; 1095      ;
;                                             ;           ;
; Dedicated logic registers                   ; 1186      ;
;                                             ;           ;
; Virtual pins                                ; 176       ;
; I/O pins                                    ; 2         ;
; Total MLAB memory bits                      ; 0         ;
; Total block memory bits                     ; 234656    ;
;                                             ;           ;
; Total DSP Blocks                            ; 15        ;
;                                             ;           ;
; Maximum fan-out node                        ; clk~input ;
; Maximum fan-out                             ; 1538      ;
; Total fan-out                               ; 17063     ;
; Average fan-out                             ; 5.08      ;
+---------------------------------------------+-----------+


+-----------------------------------------------------------------------------------------------------------------------------------------------------------------------------------------------------------------------------------------------------------------------------------------------------------------------------+
; Analysis & Synthesis Resource Utilization by Entity                                                                                                                                                                                                                                                                         ;
+-------------------------------------------------+---------------------+---------------------------+-------------------+------------+------+--------------+---------------------------------------------------------------------------------------------------------------------------------+-----------------+--------------+
; Compilation Hierarchy Node                      ; Combinational ALUTs ; Dedicated Logic Registers ; Block Memory Bits ; DSP Blocks ; Pins ; Virtual Pins ; Full Hierarchy Name                                                                                                             ; Entity Name     ; Library Name ;
+-------------------------------------------------+---------------------+---------------------------+-------------------+------------+------+--------------+---------------------------------------------------------------------------------------------------------------------------------+-----------------+--------------+
; |evaultr_top                                    ; 1624 (1)            ; 1186 (1)                  ; 234656            ; 15         ; 2    ; 176          ; |evaultr_top                                                                                                                    ; evaultr_top     ; work         ;
;    |dwt_2d_top:dwt_inst|                        ; 1623 (132)          ; 1185 (208)                ; 234656            ; 15         ; 0    ; 0            ; |evaultr_top|dwt_2d_top:dwt_inst                                                                                                ; dwt_2d_top      ; work         ;
;       |altsyncram:ll1_buf_rtl_0|                ; 0 (0)               ; 0 (0)                     ; 41472             ; 0          ; 0    ; 0            ; |evaultr_top|dwt_2d_top:dwt_inst|altsyncram:ll1_buf_rtl_0                                                                       ; altsyncram      ; work         ;
;          |altsyncram_n9p1:auto_generated|       ; 0 (0)               ; 0 (0)                     ; 41472             ; 0          ; 0    ; 0            ; |evaultr_top|dwt_2d_top:dwt_inst|altsyncram:ll1_buf_rtl_0|altsyncram_n9p1:auto_generated                                        ; altsyncram_n9p1 ; work         ;
;       |altsyncram:ll2_buf_rtl_0|                ; 0 (0)               ; 0 (0)                     ; 15488             ; 0          ; 0    ; 0            ; |evaultr_top|dwt_2d_top:dwt_inst|altsyncram:ll2_buf_rtl_0                                                                       ; altsyncram      ; work         ;
;          |altsyncram_14p1:auto_generated|       ; 0 (0)               ; 0 (0)                     ; 15488             ; 0          ; 0    ; 0            ; |evaultr_top|dwt_2d_top:dwt_inst|altsyncram:ll2_buf_rtl_0|altsyncram_14p1:auto_generated                                        ; altsyncram_14p1 ; work         ;
;       |dwt_2d_level:level_1|                    ; 493 (248)           ; 324 (168)                 ; 117248            ; 3          ; 0    ; 0            ; |evaultr_top|dwt_2d_top:dwt_inst|dwt_2d_level:level_1                                                                           ; dwt_2d_level    ; work         ;
;          |altsyncram:L_rows_rtl_0|              ; 0 (0)               ; 0 (0)                     ; 73728             ; 0          ; 0    ; 0            ; |evaultr_top|dwt_2d_top:dwt_inst|dwt_2d_level:level_1|altsyncram:L_rows_rtl_0                                                   ; altsyncram      ; work         ;
;             |altsyncram_79p1:auto_generated|    ; 0 (0)               ; 0 (0)                     ; 73728             ; 0          ; 0    ; 0            ; |evaultr_top|dwt_2d_top:dwt_inst|dwt_2d_level:level_1|altsyncram:L_rows_rtl_0|altsyncram_79p1:auto_generated                    ; altsyncram_79p1 ; work         ;
;          |altsyncram:res_LL_rtl_0|              ; 0 (0)               ; 0 (0)                     ; 41472             ; 0          ; 0    ; 0            ; |evaultr_top|dwt_2d_top:dwt_inst|dwt_2d_level:level_1|altsyncram:res_LL_rtl_0                                                   ; altsyncram      ; work         ;
;             |altsyncram_n9p1:auto_generated|    ; 0 (0)               ; 0 (0)                     ; 41472             ; 0          ; 0    ; 0            ; |evaultr_top|dwt_2d_top:dwt_inst|dwt_2d_level:level_1|altsyncram:res_LL_rtl_0|altsyncram_n9p1:auto_generated                    ; altsyncram_n9p1 ; work         ;
;          |dwt_1d_bior:u_dwt_a|                  ; 201 (201)           ; 129 (129)                 ; 2048              ; 3          ; 0    ; 0            ; |evaultr_top|dwt_2d_top:dwt_inst|dwt_2d_level:level_1|dwt_1d_bior:u_dwt_a                                                       ; dwt_1d_bior     ; work         ;
;             |altsyncram:x_buf_rtl_0|            ; 0 (0)               ; 0 (0)                     ; 2048              ; 0          ; 0    ; 0            ; |evaultr_top|dwt_2d_top:dwt_inst|dwt_2d_level:level_1|dwt_1d_bior:u_dwt_a|altsyncram:x_buf_rtl_0                                ; altsyncram      ; work         ;
;                |altsyncram_f0p1:auto_generated| ; 0 (0)               ; 0 (0)                     ; 2048              ; 0          ; 0    ; 0            ; |evaultr_top|dwt_2d_top:dwt_inst|dwt_2d_level:level_1|dwt_1d_bior:u_dwt_a|altsyncram:x_buf_rtl_0|altsyncram_f0p1:auto_generated ; altsyncram_f0p1 ; work         ;
;          |dwt_1d_bior:u_dwt_b|                  ; 44 (44)             ; 27 (27)                   ; 0                 ; 0          ; 0    ; 0            ; |evaultr_top|dwt_2d_top:dwt_inst|dwt_2d_level:level_1|dwt_1d_bior:u_dwt_b                                                       ; dwt_1d_bior     ; work         ;
;       |dwt_2d_level:level_2|                    ; 481 (226)           ; 329 (171)                 ; 41984             ; 9          ; 0    ; 0            ; |evaultr_top|dwt_2d_top:dwt_inst|dwt_2d_level:level_2                                                                           ; dwt_2d_level    ; work         ;
;          |altsyncram:L_rows_rtl_0|              ; 0 (0)               ; 0 (0)                     ; 25344             ; 0          ; 0    ; 0            ; |evaultr_top|dwt_2d_top:dwt_inst|dwt_2d_level:level_2|altsyncram:L_rows_rtl_0                                                   ; altsyncram      ; work         ;
;             |altsyncram_l6p1:auto_generated|    ; 0 (0)               ; 0 (0)                     ; 25344             ; 0          ; 0    ; 0            ; |evaultr_top|dwt_2d_top:dwt_inst|dwt_2d_level:level_2|altsyncram:L_rows_rtl_0|altsyncram_l6p1:auto_generated                    ; altsyncram_l6p1 ; work         ;
;          |altsyncram:res_LL_rtl_0|              ; 0 (0)               ; 0 (0)                     ; 15488             ; 0          ; 0    ; 0            ; |evaultr_top|dwt_2d_top:dwt_inst|dwt_2d_level:level_2|altsyncram:res_LL_rtl_0                                                   ; altsyncram      ; work         ;
;             |altsyncram_14p1:auto_generated|    ; 0 (0)               ; 0 (0)                     ; 15488             ; 0          ; 0    ; 0            ; |evaultr_top|dwt_2d_top:dwt_inst|dwt_2d_level:level_2|altsyncram:res_LL_rtl_0|altsyncram_14p1:auto_generated                    ; altsyncram_14p1 ; work         ;
;          |dwt_1d_bior:u_dwt_a|                  ; 211 (211)           ; 130 (130)                 ; 1152              ; 3          ; 0    ; 0            ; |evaultr_top|dwt_2d_top:dwt_inst|dwt_2d_level:level_2|dwt_1d_bior:u_dwt_a                                                       ; dwt_1d_bior     ; work         ;
;             |altsyncram:x_buf_rtl_0|            ; 0 (0)               ; 0 (0)                     ; 1152              ; 0          ; 0    ; 0            ; |evaultr_top|dwt_2d_top:dwt_inst|dwt_2d_level:level_2|dwt_1d_bior:u_dwt_a|altsyncram:x_buf_rtl_0                                ; altsyncram      ; work         ;
;                |altsyncram_d0p1:auto_generated| ; 0 (0)               ; 0 (0)                     ; 1152              ; 0          ; 0    ; 0            ; |evaultr_top|dwt_2d_top:dwt_inst|dwt_2d_level:level_2|dwt_1d_bior:u_dwt_a|altsyncram:x_buf_rtl_0|altsyncram_d0p1:auto_generated ; altsyncram_d0p1 ; work         ;
;          |dwt_1d_bior:u_dwt_b|                  ; 44 (44)             ; 28 (28)                   ; 0                 ; 0          ; 0    ; 0            ; |evaultr_top|dwt_2d_top:dwt_inst|dwt_2d_level:level_2|dwt_1d_bior:u_dwt_b                                                       ; dwt_1d_bior     ; work         ;
;       |dwt_2d_level:level_3|                    ; 517 (262)           ; 324 (165)                 ; 18464             ; 3          ; 0    ; 0            ; |evaultr_top|dwt_2d_top:dwt_inst|dwt_2d_level:level_3                                                                           ; dwt_2d_level    ; work         ;
;          |altsyncram:L_rows_rtl_0|              ; 0 (0)               ; 0 (0)                     ; 10560             ; 0          ; 0    ; 0            ; |evaultr_top|dwt_2d_top:dwt_inst|dwt_2d_level:level_3|altsyncram:L_rows_rtl_0                                                   ; altsyncram      ; work         ;
;             |altsyncram_d3p1:auto_generated|    ; 0 (0)               ; 0 (0)                     ; 10560             ; 0          ; 0    ; 0            ; |evaultr_top|dwt_2d_top:dwt_inst|dwt_2d_level:level_3|altsyncram:L_rows_rtl_0|altsyncram_d3p1:auto_generated                    ; altsyncram_d3p1 ; work         ;
;          |altsyncram:res_LL_rtl_0|              ; 0 (0)               ; 0 (0)                     ; 7200              ; 0          ; 0    ; 0            ; |evaultr_top|dwt_2d_top:dwt_inst|dwt_2d_level:level_3|altsyncram:res_LL_rtl_0                                                   ; altsyncram      ; work         ;
;             |altsyncram_h3p1:auto_generated|    ; 0 (0)               ; 0 (0)                     ; 7200              ; 0          ; 0    ; 0            ; |evaultr_top|dwt_2d_top:dwt_inst|dwt_2d_level:level_3|altsyncram:res_LL_rtl_0|altsyncram_h3p1:auto_generated                    ; altsyncram_h3p1 ; work         ;
;          |dwt_1d_bior:u_dwt_a|                  ; 211 (211)           ; 130 (130)                 ; 704               ; 3          ; 0    ; 0            ; |evaultr_top|dwt_2d_top:dwt_inst|dwt_2d_level:level_3|dwt_1d_bior:u_dwt_a                                                       ; dwt_1d_bior     ; work         ;
;             |altsyncram:x_buf_rtl_0|            ; 0 (0)               ; 0 (0)                     ; 704               ; 0          ; 0    ; 0            ; |evaultr_top|dwt_2d_top:dwt_inst|dwt_2d_level:level_3|dwt_1d_bior:u_dwt_a|altsyncram:x_buf_rtl_0                                ; altsyncram      ; work         ;
;                |altsyncram_10p1:auto_generated| ; 0 (0)               ; 0 (0)                     ; 704               ; 0          ; 0    ; 0            ; |evaultr_top|dwt_2d_top:dwt_inst|dwt_2d_level:level_3|dwt_1d_bior:u_dwt_a|altsyncram:x_buf_rtl_0|altsyncram_10p1:auto_generated ; altsyncram_10p1 ; work         ;
;          |dwt_1d_bior:u_dwt_b|                  ; 44 (44)             ; 29 (29)                   ; 0                 ; 0          ; 0    ; 0            ; |evaultr_top|dwt_2d_top:dwt_inst|dwt_2d_level:level_3|dwt_1d_bior:u_dwt_b                                                       ; dwt_1d_bior     ; work         ;
+-------------------------------------------------+---------------------+---------------------------+-------------------+------------+------+--------------+---------------------------------------------------------------------------------------------------------------------------------+-----------------+--------------+
Note: For table entries with two numbers listed, the numbers in parentheses indicate the number of resources of the given type used by the specific entity alone. The numbers listed outside of parentheses indicate the total resources of the given type used by the specific entity and all of its sub-entities in the hierarchy.


+------------------------------------------------------------------------------------------------------------------------------------------------------------------------------------------------------------------------------------------+
; Analysis & Synthesis RAM Summary                                                                                                                                                                                                         ;
+-------------------------------------------------------------------------------------------------------------------------------+------------+------------------+--------------+--------------+--------------+--------------+-------+------+
; Name                                                                                                                          ; Type       ; Mode             ; Port A Depth ; Port A Width ; Port B Depth ; Port B Width ; Size  ; MIF  ;
+-------------------------------------------------------------------------------------------------------------------------------+------------+------------------+--------------+--------------+--------------+--------------+-------+------+
; dwt_2d_top:dwt_inst|altsyncram:ll1_buf_rtl_0|altsyncram_n9p1:auto_generated|ALTSYNCRAM                                        ; M10K block ; Simple Dual Port ; 1296         ; 32           ; 1296         ; 32           ; 41472 ; None ;
; dwt_2d_top:dwt_inst|altsyncram:ll2_buf_rtl_0|altsyncram_14p1:auto_generated|ALTSYNCRAM                                        ; M10K block ; Simple Dual Port ; 484          ; 32           ; 484          ; 32           ; 15488 ; None ;
; dwt_2d_top:dwt_inst|dwt_2d_level:level_1|altsyncram:L_rows_rtl_0|altsyncram_79p1:auto_generated|ALTSYNCRAM                    ; M10K block ; Simple Dual Port ; 2304         ; 32           ; 2304         ; 32           ; 73728 ; None ;
; dwt_2d_top:dwt_inst|dwt_2d_level:level_1|altsyncram:res_LL_rtl_0|altsyncram_n9p1:auto_generated|ALTSYNCRAM                    ; M10K block ; Simple Dual Port ; 1296         ; 32           ; 1296         ; 32           ; 41472 ; None ;
; dwt_2d_top:dwt_inst|dwt_2d_level:level_1|dwt_1d_bior:u_dwt_a|altsyncram:x_buf_rtl_0|altsyncram_f0p1:auto_generated|ALTSYNCRAM ; M10K block ; Simple Dual Port ; 64           ; 32           ; 64           ; 32           ; 2048  ; None ;
; dwt_2d_top:dwt_inst|dwt_2d_level:level_2|altsyncram:L_rows_rtl_0|altsyncram_l6p1:auto_generated|ALTSYNCRAM                    ; M10K block ; Simple Dual Port ; 792          ; 32           ; 792          ; 32           ; 25344 ; None ;
; dwt_2d_top:dwt_inst|dwt_2d_level:level_2|altsyncram:res_LL_rtl_0|altsyncram_14p1:auto_generated|ALTSYNCRAM                    ; M10K block ; Simple Dual Port ; 484          ; 32           ; 484          ; 32           ; 15488 ; None ;
; dwt_2d_top:dwt_inst|dwt_2d_level:level_2|dwt_1d_bior:u_dwt_a|altsyncram:x_buf_rtl_0|altsyncram_d0p1:auto_generated|ALTSYNCRAM ; M10K block ; Simple Dual Port ; 36           ; 32           ; 36           ; 32           ; 1152  ; None ;
; dwt_2d_top:dwt_inst|dwt_2d_level:level_3|altsyncram:L_rows_rtl_0|altsyncram_d3p1:auto_generated|ALTSYNCRAM                    ; M10K block ; Simple Dual Port ; 330          ; 32           ; 330          ; 32           ; 10560 ; None ;
; dwt_2d_top:dwt_inst|dwt_2d_level:level_3|altsyncram:res_LL_rtl_0|altsyncram_h3p1:auto_generated|ALTSYNCRAM                    ; M10K block ; Simple Dual Port ; 225          ; 32           ; 225          ; 32           ; 7200  ; None ;
; dwt_2d_top:dwt_inst|dwt_2d_level:level_3|dwt_1d_bior:u_dwt_a|altsyncram:x_buf_rtl_0|altsyncram_10p1:auto_generated|ALTSYNCRAM ; M10K block ; Simple Dual Port ; 22           ; 32           ; 22           ; 32           ; 704   ; None ;
+-------------------------------------------------------------------------------------------------------------------------------+------------+------------------+--------------+--------------+--------------+--------------+-------+------+


+---------------------------------------------------------+
; Analysis & Synthesis DSP Block Usage Summary            ;
+-------------------------------------------+-------------+
; Statistic                                 ; Number Used ;
+-------------------------------------------+-------------+
; Two Independent 18x18                     ; 8           ;
; Independent 18x18 plus 36                 ; 4           ;
; Sum of two 18x18                          ; 3           ;
; Total number of DSP blocks                ; 15          ;
;                                           ;             ;
; Fixed Point Signed Multiplier             ; 3           ;
; Fixed Point Unsigned Multiplier           ; 9           ;
; Fixed Point Mixed Sign Multiplier         ; 6           ;
; Fixed Point Dedicated Pre-Adder           ; 1           ;
; Fixed Point Dedicated Coefficient Storage ; 1           ;
+-------------------------------------------+-------------+


Encoding Type:  One-Hot
+--------------------------------------------------------------------------------------------------------------------------------------------------------------------------------------+
; State Machine - |evaultr_top|dwt_2d_top:dwt_inst|top_state                                                                                                                           ;
+-----------------------+--------------------+----------------------+-----------------------+----------------------+-----------------------+----------------------+--------------------+
; Name                  ; top_state.TOP_DONE ; top_state.TOP_LEVEL3 ; top_state.TOP_FEED_L3 ; top_state.TOP_LEVEL2 ; top_state.TOP_FEED_L2 ; top_state.TOP_LEVEL1 ; top_state.TOP_IDLE ;
+-----------------------+--------------------+----------------------+-----------------------+----------------------+-----------------------+----------------------+--------------------+
; top_state.TOP_IDLE    ; 0                  ; 0                    ; 0                     ; 0                    ; 0                     ; 0                    ; 0                  ;
; top_state.TOP_LEVEL1  ; 0                  ; 0                    ; 0                     ; 0                    ; 0                     ; 1                    ; 1                  ;
; top_state.TOP_FEED_L2 ; 0                  ; 0                    ; 0                     ; 0                    ; 1                     ; 0                    ; 1                  ;
; top_state.TOP_LEVEL2  ; 0                  ; 0                    ; 0                     ; 1                    ; 0                     ; 0                    ; 1                  ;
; top_state.TOP_FEED_L3 ; 0                  ; 0                    ; 1                     ; 0                    ; 0                     ; 0                    ; 1                  ;
; top_state.TOP_LEVEL3  ; 0                  ; 1                    ; 0                     ; 0                    ; 0                     ; 0                    ; 1                  ;
; top_state.TOP_DONE    ; 1                  ; 0                    ; 0                     ; 0                    ; 0                     ; 0                    ; 1                  ;
+-----------------------+--------------------+----------------------+-----------------------+----------------------+-----------------------+----------------------+--------------------+


Encoding Type:  One-Hot
+------------------------------------------------------------------------------------------------------------------------------------------------------------------------------------------------+
; State Machine - |evaultr_top|dwt_2d_top:dwt_inst|dwt_2d_level:level_3|state                                                                                                                    ;
+---------------------+-----------------+---------------------+-------------------+-------------------+------------------+-------------------+-------------------+---------------+---------------+
; Name                ; state.ST_OUTPUT ; state.ST_OUTPUT_REQ ; state.ST_COL_WAIT ; state.ST_COL_FEED ; state.ST_COL_REQ ; state.ST_ROW_WAIT ; state.ST_ROW_LOAD ; state.ST_IDLE ; state.ST_DONE ;
+---------------------+-----------------+---------------------+-------------------+-------------------+------------------+-------------------+-------------------+---------------+---------------+
; state.ST_IDLE       ; 0               ; 0                   ; 0                 ; 0                 ; 0                ; 0                 ; 0                 ; 0             ; 0             ;
; state.ST_ROW_LOAD   ; 0               ; 0                   ; 0                 ; 0                 ; 0                ; 0                 ; 1                 ; 1             ; 0             ;
; state.ST_ROW_WAIT   ; 0               ; 0                   ; 0                 ; 0                 ; 0                ; 1                 ; 0                 ; 1             ; 0             ;
; state.ST_COL_REQ    ; 0               ; 0                   ; 0                 ; 0                 ; 1                ; 0                 ; 0                 ; 1             ; 0             ;
; state.ST_COL_FEED   ; 0               ; 0                   ; 0                 ; 1                 ; 0                ; 0                 ; 0                 ; 1             ; 0             ;
; state.ST_COL_WAIT   ; 0               ; 0                   ; 1                 ; 0                 ; 0                ; 0                 ; 0                 ; 1             ; 0             ;
; state.ST_OUTPUT_REQ ; 0               ; 1                   ; 0                 ; 0                 ; 0                ; 0                 ; 0                 ; 1             ; 0             ;
; state.ST_OUTPUT     ; 1               ; 0                   ; 0                 ; 0                 ; 0                ; 0                 ; 0                 ; 1             ; 0             ;
; state.ST_DONE       ; 0               ; 0                   ; 0                 ; 0                 ; 0                ; 0                 ; 0                 ; 1             ; 1             ;
+---------------------+-----------------+---------------------+-------------------+-------------------+------------------+-------------------+-------------------+---------------+---------------+


Encoding Type:  One-Hot
+-------------------------------------------------------------------------------------------------+
; State Machine - |evaultr_top|dwt_2d_top:dwt_inst|dwt_2d_level:level_3|dwt_1d_bior:u_dwt_b|state ;
+-----------------+----------------+-----------------+--------------+--------------+--------------+
; Name            ; state.S_OUTPUT ; state.S_COMPUTE ; state.S_LOAD ; state.S_IDLE ; state.S_DONE ;
+-----------------+----------------+-----------------+--------------+--------------+--------------+
; state.S_IDLE    ; 0              ; 0               ; 0            ; 0            ; 0            ;
; state.S_LOAD    ; 0              ; 0               ; 1            ; 1            ; 0            ;
; state.S_COMPUTE ; 0              ; 1               ; 0            ; 1            ; 0            ;
; state.S_OUTPUT  ; 1              ; 0               ; 0            ; 1            ; 0            ;
; state.S_DONE    ; 0              ; 0               ; 0            ; 1            ; 1            ;
+-----------------+----------------+-----------------+--------------+--------------+--------------+


Encoding Type:  One-Hot
+-------------------------------------------------------------------------------------------------+
; State Machine - |evaultr_top|dwt_2d_top:dwt_inst|dwt_2d_level:level_3|dwt_1d_bior:u_dwt_a|state ;
+-----------------+----------------+-----------------+--------------+--------------+--------------+
; Name            ; state.S_OUTPUT ; state.S_COMPUTE ; state.S_LOAD ; state.S_IDLE ; state.S_DONE ;
+-----------------+----------------+-----------------+--------------+--------------+--------------+
; state.S_IDLE    ; 0              ; 0               ; 0            ; 0            ; 0            ;
; state.S_LOAD    ; 0              ; 0               ; 1            ; 1            ; 0            ;
; state.S_COMPUTE ; 0              ; 1               ; 0            ; 1            ; 0            ;
; state.S_OUTPUT  ; 1              ; 0               ; 0            ; 1            ; 0            ;
; state.S_DONE    ; 0              ; 0               ; 0            ; 1            ; 1            ;
+-----------------+----------------+-----------------+--------------+--------------+--------------+


Encoding Type:  One-Hot
+------------------------------------------------------------------------------------------------------------------------------------------------------------------------------------------------+
; State Machine - |evaultr_top|dwt_2d_top:dwt_inst|dwt_2d_level:level_2|state                                                                                                                    ;
+---------------------+-----------------+---------------------+-------------------+-------------------+------------------+-------------------+-------------------+---------------+---------------+
; Name                ; state.ST_OUTPUT ; state.ST_OUTPUT_REQ ; state.ST_COL_WAIT ; state.ST_COL_FEED ; state.ST_COL_REQ ; state.ST_ROW_WAIT ; state.ST_ROW_LOAD ; state.ST_IDLE ; state.ST_DONE ;
+---------------------+-----------------+---------------------+-------------------+-------------------+------------------+-------------------+-------------------+---------------+---------------+
; state.ST_IDLE       ; 0               ; 0                   ; 0                 ; 0                 ; 0                ; 0                 ; 0                 ; 0             ; 0             ;
; state.ST_ROW_LOAD   ; 0               ; 0                   ; 0                 ; 0                 ; 0                ; 0                 ; 1                 ; 1             ; 0             ;
; state.ST_ROW_WAIT   ; 0               ; 0                   ; 0                 ; 0                 ; 0                ; 1                 ; 0                 ; 1             ; 0             ;
; state.ST_COL_REQ    ; 0               ; 0                   ; 0                 ; 0                 ; 1                ; 0                 ; 0                 ; 1             ; 0             ;
; state.ST_COL_FEED   ; 0               ; 0                   ; 0                 ; 1                 ; 0                ; 0                 ; 0                 ; 1             ; 0             ;
; state.ST_COL_WAIT   ; 0               ; 0                   ; 1                 ; 0                 ; 0                ; 0                 ; 0                 ; 1             ; 0             ;
; state.ST_OUTPUT_REQ ; 0               ; 1                   ; 0                 ; 0                 ; 0                ; 0                 ; 0                 ; 1             ; 0             ;
; state.ST_OUTPUT     ; 1               ; 0                   ; 0                 ; 0                 ; 0                ; 0                 ; 0                 ; 1             ; 0             ;
; state.ST_DONE       ; 0               ; 0                   ; 0                 ; 0                 ; 0                ; 0                 ; 0                 ; 1             ; 1             ;
+---------------------+-----------------+---------------------+-------------------+-------------------+------------------+-------------------+-------------------+---------------+---------------+


Encoding Type:  One-Hot
+-------------------------------------------------------------------------------------------------+
; State Machine - |evaultr_top|dwt_2d_top:dwt_inst|dwt_2d_level:level_2|dwt_1d_bior:u_dwt_b|state ;
+-----------------+----------------+-----------------+--------------+--------------+--------------+
; Name            ; state.S_OUTPUT ; state.S_COMPUTE ; state.S_LOAD ; state.S_IDLE ; state.S_DONE ;
+-----------------+----------------+-----------------+--------------+--------------+--------------+
; state.S_IDLE    ; 0              ; 0               ; 0            ; 0            ; 0            ;
; state.S_LOAD    ; 0              ; 0               ; 1            ; 1            ; 0            ;
; state.S_COMPUTE ; 0              ; 1               ; 0            ; 1            ; 0            ;
; state.S_OUTPUT  ; 1              ; 0               ; 0            ; 1            ; 0            ;
; state.S_DONE    ; 0              ; 0               ; 0            ; 1            ; 1            ;
+-----------------+----------------+-----------------+--------------+--------------+--------------+


Encoding Type:  One-Hot
+-------------------------------------------------------------------------------------------------+
; State Machine - |evaultr_top|dwt_2d_top:dwt_inst|dwt_2d_level:level_2|dwt_1d_bior:u_dwt_a|state ;
+-----------------+----------------+-----------------+--------------+--------------+--------------+
; Name            ; state.S_OUTPUT ; state.S_COMPUTE ; state.S_LOAD ; state.S_IDLE ; state.S_DONE ;
+-----------------+----------------+-----------------+--------------+--------------+--------------+
; state.S_IDLE    ; 0              ; 0               ; 0            ; 0            ; 0            ;
; state.S_LOAD    ; 0              ; 0               ; 1            ; 1            ; 0            ;
; state.S_COMPUTE ; 0              ; 1               ; 0            ; 1            ; 0            ;
; state.S_OUTPUT  ; 1              ; 0               ; 0            ; 1            ; 0            ;
; state.S_DONE    ; 0              ; 0               ; 0            ; 1            ; 1            ;
+-----------------+----------------+-----------------+--------------+--------------+--------------+


Encoding Type:  One-Hot
+------------------------------------------------------------------------------------------------------------------------------------------------------------------------------------------------+
; State Machine - |evaultr_top|dwt_2d_top:dwt_inst|dwt_2d_level:level_1|state                                                                                                                    ;
+---------------------+-----------------+---------------------+-------------------+-------------------+------------------+-------------------+-------------------+---------------+---------------+
; Name                ; state.ST_OUTPUT ; state.ST_OUTPUT_REQ ; state.ST_COL_WAIT ; state.ST_COL_FEED ; state.ST_COL_REQ ; state.ST_ROW_WAIT ; state.ST_ROW_LOAD ; state.ST_IDLE ; state.ST_DONE ;
+---------------------+-----------------+---------------------+-------------------+-------------------+------------------+-------------------+-------------------+---------------+---------------+
; state.ST_IDLE       ; 0               ; 0                   ; 0                 ; 0                 ; 0                ; 0                 ; 0                 ; 0             ; 0             ;
; state.ST_ROW_LOAD   ; 0               ; 0                   ; 0                 ; 0                 ; 0                ; 0                 ; 1                 ; 1             ; 0             ;
; state.ST_ROW_WAIT   ; 0               ; 0                   ; 0                 ; 0                 ; 0                ; 1                 ; 0                 ; 1             ; 0             ;
; state.ST_COL_REQ    ; 0               ; 0                   ; 0                 ; 0                 ; 1                ; 0                 ; 0                 ; 1             ; 0             ;
; state.ST_COL_FEED   ; 0               ; 0                   ; 0                 ; 1                 ; 0                ; 0                 ; 0                 ; 1             ; 0             ;
; state.ST_COL_WAIT   ; 0               ; 0                   ; 1                 ; 0                 ; 0                ; 0                 ; 0                 ; 1             ; 0             ;
; state.ST_OUTPUT_REQ ; 0               ; 1                   ; 0                 ; 0                 ; 0                ; 0                 ; 0                 ; 1             ; 0             ;
; state.ST_OUTPUT     ; 1               ; 0                   ; 0                 ; 0                 ; 0                ; 0                 ; 0                 ; 1             ; 0             ;
; state.ST_DONE       ; 0               ; 0                   ; 0                 ; 0                 ; 0                ; 0                 ; 0                 ; 1             ; 1             ;
+---------------------+-----------------+---------------------+-------------------+-------------------+------------------+-------------------+-------------------+---------------+---------------+


Encoding Type:  One-Hot
+-------------------------------------------------------------------------------------------------+
; State Machine - |evaultr_top|dwt_2d_top:dwt_inst|dwt_2d_level:level_1|dwt_1d_bior:u_dwt_b|state ;
+-----------------+----------------+-----------------+--------------+--------------+--------------+
; Name            ; state.S_OUTPUT ; state.S_COMPUTE ; state.S_LOAD ; state.S_IDLE ; state.S_DONE ;
+-----------------+----------------+-----------------+--------------+--------------+--------------+
; state.S_IDLE    ; 0              ; 0               ; 0            ; 0            ; 0            ;
; state.S_LOAD    ; 0              ; 0               ; 1            ; 1            ; 0            ;
; state.S_COMPUTE ; 0              ; 1               ; 0            ; 1            ; 0            ;
; state.S_OUTPUT  ; 1              ; 0               ; 0            ; 1            ; 0            ;
; state.S_DONE    ; 0              ; 0               ; 0            ; 1            ; 1            ;
+-----------------+----------------+-----------------+--------------+--------------+--------------+


Encoding Type:  One-Hot
+-------------------------------------------------------------------------------------------------+
; State Machine - |evaultr_top|dwt_2d_top:dwt_inst|dwt_2d_level:level_1|dwt_1d_bior:u_dwt_a|state ;
+-----------------+----------------+-----------------+--------------+--------------+--------------+
; Name            ; state.S_OUTPUT ; state.S_COMPUTE ; state.S_LOAD ; state.S_IDLE ; state.S_DONE ;
+-----------------+----------------+-----------------+--------------+--------------+--------------+
; state.S_IDLE    ; 0              ; 0               ; 0            ; 0            ; 0            ;
; state.S_LOAD    ; 0              ; 0               ; 1            ; 1            ; 0            ;
; state.S_COMPUTE ; 0              ; 1               ; 0            ; 1            ; 0            ;
; state.S_OUTPUT  ; 1              ; 0               ; 0            ; 1            ; 0            ;
; state.S_DONE    ; 0              ; 0               ; 0            ; 1            ; 1            ;
+-----------------+----------------+-----------------+--------------+--------------+--------------+


+--------------------------------------------------------------------------------------------------------------------------------------------------------------------------------+
; Registers Removed During Synthesis                                                                                                                                             ;
+-------------------------------------------------------------------------------------+------------------------------------------------------------------------------------------+
; Register name                                                                       ; Reason for Removal                                                                       ;
+-------------------------------------------------------------------------------------+------------------------------------------------------------------------------------------+
; dwt_2d_top:dwt_inst|dwt_2d_level:level_3|dwt_1d_bior:u_dwt_a|coeff_lo_d1[10]        ; Stuck at GND due to stuck port data_in                                                   ;
; dwt_2d_top:dwt_inst|dwt_2d_level:level_2|dwt_1d_bior:u_dwt_a|coeff_lo_d1[10]        ; Stuck at GND due to stuck port data_in                                                   ;
; dwt_2d_top:dwt_inst|dwt_2d_level:level_1|dwt_1d_bior:u_dwt_a|coeff_lo_d1[10]        ; Stuck at GND due to stuck port data_in                                                   ;
; dwt_2d_top:dwt_inst|dwt_2d_level:level_1|out_N_reg[0,1,3,4,6..10]                   ; Stuck at GND due to stuck port data_in                                                   ;
; dwt_2d_top:dwt_inst|dwt_2d_level:level_1|out_M_reg[0,1,3,4,6..10]                   ; Stuck at GND due to stuck port data_in                                                   ;
; dwt_2d_top:dwt_inst|dwt_2d_level:level_1|out_rows[0,1,3,4,6..10]                    ; Stuck at GND due to stuck port data_in                                                   ;
; dwt_2d_top:dwt_inst|dwt_2d_level:level_1|out_cols[1,3,4,6..10]                      ; Stuck at GND due to stuck port data_in                                                   ;
; dwt_2d_top:dwt_inst|dwt_2d_level:level_1|dwt_1d_bior:u_dwt_b|out_len[0,1,3,4,6..10] ; Stuck at GND due to stuck port data_in                                                   ;
; dwt_2d_top:dwt_inst|ll1_rows[0,1,3,4,6..10]                                         ; Stuck at GND due to stuck port data_in                                                   ;
; dwt_2d_top:dwt_inst|ll1_cols[1,3,4,6..10]                                           ; Stuck at GND due to stuck port data_in                                                   ;
; dwt_2d_top:dwt_inst|dwt_2d_level:level_1|out_cols[0]                                ; Stuck at GND due to stuck port data_in                                                   ;
; dwt_2d_top:dwt_inst|ll1_cols[0]                                                     ; Stuck at GND due to stuck port data_in                                                   ;
; dwt_2d_top:dwt_inst|dwt_2d_level:level_2|out_N_reg[0,5..10]                         ; Stuck at GND due to stuck port data_in                                                   ;
; dwt_2d_top:dwt_inst|dwt_2d_level:level_2|out_M_reg[0,5..10]                         ; Stuck at GND due to stuck port data_in                                                   ;
; dwt_2d_top:dwt_inst|dwt_2d_level:level_2|out_cols[0]                                ; Stuck at GND due to stuck port data_in                                                   ;
; dwt_2d_top:dwt_inst|dwt_2d_level:level_2|out_rows[0,5..10]                          ; Stuck at GND due to stuck port data_in                                                   ;
; dwt_2d_top:dwt_inst|dwt_2d_level:level_2|out_cols[5..10]                            ; Stuck at GND due to stuck port data_in                                                   ;
; dwt_2d_top:dwt_inst|dwt_2d_level:level_2|dwt_1d_bior:u_dwt_b|out_len[0,5..10]       ; Stuck at GND due to stuck port data_in                                                   ;
; dwt_2d_top:dwt_inst|ll2_rows[0,5..10]                                               ; Stuck at GND due to stuck port data_in                                                   ;
; dwt_2d_top:dwt_inst|ll2_cols[0,5..10]                                               ; Stuck at GND due to stuck port data_in                                                   ;
; dwt_2d_top:dwt_inst|dwt_2d_level:level_2|out_N_reg[3]                               ; Stuck at GND due to stuck port data_in                                                   ;
; dwt_2d_top:dwt_inst|dwt_2d_level:level_2|out_M_reg[3]                               ; Stuck at GND due to stuck port data_in                                                   ;
; dwt_2d_top:dwt_inst|dwt_2d_level:level_2|out_rows[3]                                ; Stuck at GND due to stuck port data_in                                                   ;
; dwt_2d_top:dwt_inst|dwt_2d_level:level_2|out_cols[3]                                ; Stuck at GND due to stuck port data_in                                                   ;
; dwt_2d_top:dwt_inst|dwt_2d_level:level_2|dwt_1d_bior:u_dwt_b|out_len[3]             ; Stuck at GND due to stuck port data_in                                                   ;
; dwt_2d_top:dwt_inst|ll2_rows[3]                                                     ; Stuck at GND due to stuck port data_in                                                   ;
; dwt_2d_top:dwt_inst|ll2_cols[3]                                                     ; Stuck at GND due to stuck port data_in                                                   ;
; dwt_2d_top:dwt_inst|dwt_2d_level:level_1|out_M_reg[2]                               ; Merged with dwt_2d_top:dwt_inst|dwt_2d_level:level_1|out_M_reg[5]                        ;
; dwt_2d_top:dwt_inst|dwt_2d_level:level_1|out_M_reg[5]                               ; Merged with dwt_2d_top:dwt_inst|dwt_2d_level:level_1|out_N_reg[2]                        ;
; dwt_2d_top:dwt_inst|dwt_2d_level:level_1|out_N_reg[2]                               ; Merged with dwt_2d_top:dwt_inst|dwt_2d_level:level_1|out_N_reg[5]                        ;
; dwt_2d_top:dwt_inst|dwt_2d_level:level_2|out_M_reg[2]                               ; Merged with dwt_2d_top:dwt_inst|dwt_2d_level:level_2|out_N_reg[2]                        ;
; dwt_2d_top:dwt_inst|dwt_2d_level:level_3|out_N_reg[6..9]                            ; Merged with dwt_2d_top:dwt_inst|dwt_2d_level:level_3|out_N_reg[10]                       ;
; dwt_2d_top:dwt_inst|dwt_2d_level:level_3|out_M_reg[6..9]                            ; Merged with dwt_2d_top:dwt_inst|dwt_2d_level:level_3|out_M_reg[10]                       ;
; dwt_2d_top:dwt_inst|dwt_2d_level:level_3|dwt_1d_bior:u_dwt_a|coeff_lo_d1[16..30]    ; Merged with dwt_2d_top:dwt_inst|dwt_2d_level:level_3|dwt_1d_bior:u_dwt_a|coeff_lo_d1[31] ;
; dwt_2d_top:dwt_inst|dwt_2d_level:level_3|dwt_1d_bior:u_dwt_a|coeff_lo_d1[6]         ; Merged with dwt_2d_top:dwt_inst|dwt_2d_level:level_3|dwt_1d_bior:u_dwt_a|coeff_lo_d1[12] ;
; dwt_2d_top:dwt_inst|dwt_2d_level:level_3|dwt_1d_bior:u_dwt_a|coeff_lo_d1[5]         ; Merged with dwt_2d_top:dwt_inst|dwt_2d_level:level_3|dwt_1d_bior:u_dwt_a|coeff_lo_d1[8]  ;
; dwt_2d_top:dwt_inst|dwt_2d_level:level_3|dwt_1d_bior:u_dwt_a|coeff_lo_d1[2]         ; Merged with dwt_2d_top:dwt_inst|dwt_2d_level:level_3|dwt_1d_bior:u_dwt_a|coeff_lo_d1[7]  ;
; dwt_2d_top:dwt_inst|dwt_2d_level:level_2|dwt_1d_bior:u_dwt_a|coeff_lo_d1[16..30]    ; Merged with dwt_2d_top:dwt_inst|dwt_2d_level:level_2|dwt_1d_bior:u_dwt_a|coeff_lo_d1[31] ;
; dwt_2d_top:dwt_inst|dwt_2d_level:level_2|dwt_1d_bior:u_dwt_a|coeff_lo_d1[6]         ; Merged with dwt_2d_top:dwt_inst|dwt_2d_level:level_2|dwt_1d_bior:u_dwt_a|coeff_lo_d1[12] ;
; dwt_2d_top:dwt_inst|dwt_2d_level:level_2|dwt_1d_bior:u_dwt_a|coeff_lo_d1[5]         ; Merged with dwt_2d_top:dwt_inst|dwt_2d_level:level_2|dwt_1d_bior:u_dwt_a|coeff_lo_d1[8]  ;
; dwt_2d_top:dwt_inst|dwt_2d_level:level_2|dwt_1d_bior:u_dwt_a|coeff_lo_d1[2]         ; Merged with dwt_2d_top:dwt_inst|dwt_2d_level:level_2|dwt_1d_bior:u_dwt_a|coeff_lo_d1[7]  ;
; dwt_2d_top:dwt_inst|dwt_2d_level:level_1|dwt_1d_bior:u_dwt_a|coeff_lo_d1[16..30]    ; Merged with dwt_2d_top:dwt_inst|dwt_2d_level:level_1|dwt_1d_bior:u_dwt_a|coeff_lo_d1[31] ;
; dwt_2d_top:dwt_inst|dwt_2d_level:level_1|dwt_1d_bior:u_dwt_a|coeff_lo_d1[6]         ; Merged with dwt_2d_top:dwt_inst|dwt_2d_level:level_1|dwt_1d_bior:u_dwt_a|coeff_lo_d1[12] ;
; dwt_2d_top:dwt_inst|dwt_2d_level:level_1|dwt_1d_bior:u_dwt_a|coeff_lo_d1[5]         ; Merged with dwt_2d_top:dwt_inst|dwt_2d_level:level_1|dwt_1d_bior:u_dwt_a|coeff_lo_d1[8]  ;
; dwt_2d_top:dwt_inst|dwt_2d_level:level_1|dwt_1d_bior:u_dwt_a|coeff_lo_d1[2]         ; Merged with dwt_2d_top:dwt_inst|dwt_2d_level:level_1|dwt_1d_bior:u_dwt_a|coeff_lo_d1[7]  ;
; dwt_2d_top:dwt_inst|ll1_cols[5]                                                     ; Merged with dwt_2d_top:dwt_inst|ll1_cols[2]                                              ;
; dwt_2d_top:dwt_inst|ll1_rows[2,5]                                                   ; Merged with dwt_2d_top:dwt_inst|ll1_cols[2]                                              ;
; dwt_2d_top:dwt_inst|ll2_cols[4]                                                     ; Merged with dwt_2d_top:dwt_inst|ll2_cols[1]                                              ;
; dwt_2d_top:dwt_inst|ll2_rows[1,4]                                                   ; Merged with dwt_2d_top:dwt_inst|ll2_cols[1]                                              ;
; dwt_2d_top:dwt_inst|ll2_rows[2]                                                     ; Merged with dwt_2d_top:dwt_inst|ll2_cols[2]                                              ;
; dwt_2d_top:dwt_inst|dwt_2d_level:level_3|out_N_reg[0]                               ; Merged with dwt_2d_top:dwt_inst|dwt_2d_level:level_3|out_M_reg[0]                        ;
; dwt_2d_top:dwt_inst|dwt_2d_level:level_3|out_N_reg[1]                               ; Merged with dwt_2d_top:dwt_inst|dwt_2d_level:level_3|out_M_reg[1]                        ;
; dwt_2d_top:dwt_inst|dwt_2d_level:level_3|out_N_reg[2]                               ; Merged with dwt_2d_top:dwt_inst|dwt_2d_level:level_3|out_M_reg[2]                        ;
; dwt_2d_top:dwt_inst|dwt_2d_level:level_3|out_N_reg[3]                               ; Merged with dwt_2d_top:dwt_inst|dwt_2d_level:level_3|out_M_reg[3]                        ;
; dwt_2d_top:dwt_inst|dwt_2d_level:level_3|out_N_reg[4]                               ; Merged with dwt_2d_top:dwt_inst|dwt_2d_level:level_3|out_M_reg[4]                        ;
; dwt_2d_top:dwt_inst|dwt_2d_level:level_3|out_N_reg[5]                               ; Merged with dwt_2d_top:dwt_inst|dwt_2d_level:level_3|out_M_reg[5]                        ;
; dwt_2d_top:dwt_inst|dwt_2d_level:level_3|out_N_reg[10]                              ; Merged with dwt_2d_top:dwt_inst|dwt_2d_level:level_3|out_M_reg[10]                       ;
; dwt_2d_top:dwt_inst|dwt_2d_level:level_3|dwt_1d_bior:u_dwt_b|out_len[6..9]          ; Merged with dwt_2d_top:dwt_inst|dwt_2d_level:level_3|dwt_1d_bior:u_dwt_b|out_len[10]     ;
; dwt_2d_top:dwt_inst|dwt_2d_level:level_2|out_M_reg[4]                               ; Merged with dwt_2d_top:dwt_inst|dwt_2d_level:level_2|out_M_reg[1]                        ;
; dwt_2d_top:dwt_inst|dwt_2d_level:level_2|out_N_reg[1,4]                             ; Merged with dwt_2d_top:dwt_inst|dwt_2d_level:level_2|out_M_reg[1]                        ;
; dwt_2d_top:dwt_inst|dwt_2d_level:level_2|dwt_1d_bior:u_dwt_b|out_len[4]             ; Merged with dwt_2d_top:dwt_inst|dwt_2d_level:level_2|dwt_1d_bior:u_dwt_b|out_len[1]      ;
; dwt_2d_top:dwt_inst|dwt_2d_level:level_1|dwt_1d_bior:u_dwt_b|out_len[5]             ; Merged with dwt_2d_top:dwt_inst|dwt_2d_level:level_1|dwt_1d_bior:u_dwt_b|out_len[2]      ;
; dwt_2d_top:dwt_inst|dwt_2d_level:level_1|out_cols[5]                                ; Merged with dwt_2d_top:dwt_inst|dwt_2d_level:level_1|out_cols[2]                         ;
; dwt_2d_top:dwt_inst|dwt_2d_level:level_1|out_rows[2,5]                              ; Merged with dwt_2d_top:dwt_inst|dwt_2d_level:level_1|out_cols[2]                         ;
; dwt_2d_top:dwt_inst|dwt_2d_level:level_2|out_cols[4]                                ; Merged with dwt_2d_top:dwt_inst|dwt_2d_level:level_2|out_cols[1]                         ;
; dwt_2d_top:dwt_inst|dwt_2d_level:level_2|out_rows[1,4]                              ; Merged with dwt_2d_top:dwt_inst|dwt_2d_level:level_2|out_cols[1]                         ;
; dwt_2d_top:dwt_inst|dwt_2d_level:level_2|out_rows[2]                                ; Merged with dwt_2d_top:dwt_inst|dwt_2d_level:level_2|out_cols[2]                         ;
; dwt_2d_top:dwt_inst|dwt_2d_level:level_3|dwt_a_cfg_N[3,5..10]                       ; Merged with dwt_2d_top:dwt_inst|dwt_2d_level:level_3|dwt_a_cfg_N[0]                      ;
; dwt_2d_top:dwt_inst|dwt_2d_level:level_3|dwt_a_cfg_N[4]                             ; Merged with dwt_2d_top:dwt_inst|dwt_2d_level:level_3|dwt_a_cfg_N[1]                      ;
; dwt_2d_top:dwt_inst|dwt_2d_level:level_2|dwt_a_cfg_N[1,3,4,6..10]                   ; Merged with dwt_2d_top:dwt_inst|dwt_2d_level:level_2|dwt_a_cfg_N[0]                      ;
; dwt_2d_top:dwt_inst|dwt_2d_level:level_2|dwt_a_cfg_N[5]                             ; Merged with dwt_2d_top:dwt_inst|dwt_2d_level:level_2|dwt_a_cfg_N[2]                      ;
; dwt_2d_top:dwt_inst|dwt_2d_level:level_1|dwt_a_cfg_N[1..5,7..10]                    ; Merged with dwt_2d_top:dwt_inst|dwt_2d_level:level_1|dwt_a_cfg_N[0]                      ;
; dwt_2d_top:dwt_inst|dwt_2d_level:level_3|dwt_1d_bior:u_dwt_a|N_reg[3,5..10]         ; Merged with dwt_2d_top:dwt_inst|dwt_2d_level:level_3|dwt_1d_bior:u_dwt_a|N_reg[0]        ;
; dwt_2d_top:dwt_inst|dwt_2d_level:level_3|dwt_1d_bior:u_dwt_a|N_reg[4]               ; Merged with dwt_2d_top:dwt_inst|dwt_2d_level:level_3|dwt_1d_bior:u_dwt_a|N_reg[1]        ;
; dwt_2d_top:dwt_inst|dwt_2d_level:level_2|dwt_1d_bior:u_dwt_a|N_reg[1,3,4,6..10]     ; Merged with dwt_2d_top:dwt_inst|dwt_2d_level:level_2|dwt_1d_bior:u_dwt_a|N_reg[0]        ;
; dwt_2d_top:dwt_inst|dwt_2d_level:level_2|dwt_1d_bior:u_dwt_a|N_reg[5]               ; Merged with dwt_2d_top:dwt_inst|dwt_2d_level:level_2|dwt_1d_bior:u_dwt_a|N_reg[2]        ;
; dwt_2d_top:dwt_inst|dwt_2d_level:level_1|dwt_1d_bior:u_dwt_a|N_reg[1..5,7..10]      ; Merged with dwt_2d_top:dwt_inst|dwt_2d_level:level_1|dwt_1d_bior:u_dwt_a|N_reg[0]        ;
; dwt_2d_top:dwt_inst|dwt_2d_level:level_3|out_M_reg[4,5,10]                          ; Stuck at GND due to stuck port data_in                                                   ;
; dwt_2d_top:dwt_inst|dwt_2d_level:level_3|dwt_1d_bior:u_dwt_b|out_len[4,5,10]        ; Stuck at GND due to stuck port data_in                                                   ;
; dwt_2d_top:dwt_inst|dwt_2d_level:level_2|dwt_1d_bior:u_dwt_a|out_len[0]             ; Stuck at GND due to stuck port data_in                                                   ;
; dwt_2d_top:dwt_inst|dwt_2d_level:level_1|dwt_1d_bior:u_dwt_a|out_len[0,1,3,4]       ; Stuck at GND due to stuck port data_in                                                   ;
; dwt_2d_top:dwt_inst|dwt_2d_level:level_3|out_M_reg[0]                               ; Merged with dwt_2d_top:dwt_inst|dwt_2d_level:level_3|out_M_reg[3]                        ;
; dwt_2d_top:dwt_inst|dwt_2d_level:level_3|dwt_1d_bior:u_dwt_a|acc_lo[48..63]         ; Lost fanout                                                                              ;
; dwt_2d_top:dwt_inst|dwt_2d_level:level_2|dwt_1d_bior:u_dwt_a|acc_lo[48..63]         ; Lost fanout                                                                              ;
; dwt_2d_top:dwt_inst|dwt_2d_level:level_1|dwt_1d_bior:u_dwt_a|acc_lo[48..63]         ; Lost fanout                                                                              ;
; dwt_2d_top:dwt_inst|dwt_2d_level:level_3|dwt_a_cfg_N[0]                             ; Stuck at GND due to stuck port data_in                                                   ;
; dwt_2d_top:dwt_inst|dwt_2d_level:level_2|dwt_a_cfg_N[0]                             ; Stuck at GND due to stuck port data_in                                                   ;
; dwt_2d_top:dwt_inst|dwt_2d_level:level_1|dwt_a_cfg_N[0]                             ; Stuck at GND due to stuck port data_in                                                   ;
; dwt_2d_top:dwt_inst|dwt_2d_level:level_3|dwt_1d_bior:u_dwt_a|out_len[4..10]         ; Stuck at GND due to stuck port data_in                                                   ;
; dwt_2d_top:dwt_inst|dwt_2d_level:level_2|dwt_1d_bior:u_dwt_a|out_len[3,5..10]       ; Stuck at GND due to stuck port data_in                                                   ;
; dwt_2d_top:dwt_inst|dwt_2d_level:level_1|dwt_1d_bior:u_dwt_a|out_len[6..10]         ; Stuck at GND due to stuck port data_in                                                   ;
; dwt_2d_top:dwt_inst|dwt_2d_level:level_3|dwt_1d_bior:u_dwt_a|N_reg[0]               ; Stuck at GND due to stuck port data_in                                                   ;
; dwt_2d_top:dwt_inst|dwt_2d_level:level_2|dwt_1d_bior:u_dwt_a|N_reg[0]               ; Stuck at GND due to stuck port data_in                                                   ;
; dwt_2d_top:dwt_inst|dwt_2d_level:level_1|dwt_1d_bior:u_dwt_a|N_reg[0]               ; Stuck at GND due to stuck port data_in                                                   ;
; dwt_2d_top:dwt_inst|dwt_2d_level:level_3|dwt_1d_bior:u_dwt_b|out_len[3]             ; Merged with dwt_2d_top:dwt_inst|dwt_2d_level:level_3|dwt_1d_bior:u_dwt_b|out_len[0]      ;
; dwt_2d_top:dwt_inst|dwt_2d_level:level_3|dwt_1d_bior:u_dwt_a|N_reg[1]               ; Merged with dwt_2d_top:dwt_inst|dwt_2d_level:level_3|dwt_1d_bior:u_dwt_a|out_len[0]      ;
; dwt_2d_top:dwt_inst|dwt_2d_level:level_3|dwt_1d_bior:u_dwt_a|out_len[3]             ; Merged with dwt_2d_top:dwt_inst|dwt_2d_level:level_3|dwt_1d_bior:u_dwt_a|out_len[0]      ;
; dwt_2d_top:dwt_inst|dwt_2d_level:level_3|dwt_1d_bior:u_dwt_a|N_reg[2]               ; Merged with dwt_2d_top:dwt_inst|dwt_2d_level:level_3|dwt_1d_bior:u_dwt_a|out_len[1]      ;
; dwt_2d_top:dwt_inst|dwt_2d_level:level_2|dwt_1d_bior:u_dwt_a|N_reg[2]               ; Merged with dwt_2d_top:dwt_inst|dwt_2d_level:level_2|dwt_1d_bior:u_dwt_a|out_len[1]      ;
; dwt_2d_top:dwt_inst|dwt_2d_level:level_2|dwt_1d_bior:u_dwt_a|out_len[4]             ; Merged with dwt_2d_top:dwt_inst|dwt_2d_level:level_2|dwt_1d_bior:u_dwt_a|out_len[1]      ;
; dwt_2d_top:dwt_inst|dwt_2d_level:level_1|dwt_1d_bior:u_dwt_a|N_reg[6]               ; Merged with dwt_2d_top:dwt_inst|dwt_2d_level:level_1|dwt_1d_bior:u_dwt_a|out_len[5]      ;
; dwt_2d_top:dwt_inst|top_state~9                                                     ; Lost fanout                                                                              ;
; dwt_2d_top:dwt_inst|top_state~10                                                    ; Lost fanout                                                                              ;
; dwt_2d_top:dwt_inst|top_state~11                                                    ; Lost fanout                                                                              ;
; dwt_2d_top:dwt_inst|dwt_2d_level:level_3|state~8                                    ; Lost fanout                                                                              ;
; dwt_2d_top:dwt_inst|dwt_2d_level:level_3|state~9                                    ; Lost fanout                                                                              ;
; dwt_2d_top:dwt_inst|dwt_2d_level:level_3|state~10                                   ; Lost fanout                                                                              ;
; dwt_2d_top:dwt_inst|dwt_2d_level:level_3|dwt_1d_bior:u_dwt_b|state~9                ; Lost fanout                                                                              ;
; dwt_2d_top:dwt_inst|dwt_2d_level:level_3|dwt_1d_bior:u_dwt_b|state~10               ; Lost fanout                                                                              ;
; dwt_2d_top:dwt_inst|dwt_2d_level:level_3|dwt_1d_bior:u_dwt_a|state~9                ; Lost fanout                                                                              ;
; dwt_2d_top:dwt_inst|dwt_2d_level:level_3|dwt_1d_bior:u_dwt_a|state~10               ; Lost fanout                                                                              ;
; dwt_2d_top:dwt_inst|dwt_2d_level:level_2|state~8                                    ; Lost fanout                                                                              ;
; dwt_2d_top:dwt_inst|dwt_2d_level:level_2|state~9                                    ; Lost fanout                                                                              ;
; dwt_2d_top:dwt_inst|dwt_2d_level:level_2|state~10                                   ; Lost fanout                                                                              ;
; dwt_2d_top:dwt_inst|dwt_2d_level:level_2|dwt_1d_bior:u_dwt_b|state~9                ; Lost fanout                                                                              ;
; dwt_2d_top:dwt_inst|dwt_2d_level:level_2|dwt_1d_bior:u_dwt_b|state~10               ; Lost fanout                                                                              ;
; dwt_2d_top:dwt_inst|dwt_2d_level:level_2|dwt_1d_bior:u_dwt_a|state~9                ; Lost fanout                                                                              ;
; dwt_2d_top:dwt_inst|dwt_2d_level:level_2|dwt_1d_bior:u_dwt_a|state~10               ; Lost fanout                                                                              ;
; dwt_2d_top:dwt_inst|dwt_2d_level:level_1|state~8                                    ; Lost fanout                                                                              ;
; dwt_2d_top:dwt_inst|dwt_2d_level:level_1|state~9                                    ; Lost fanout                                                                              ;
; dwt_2d_top:dwt_inst|dwt_2d_level:level_1|state~10                                   ; Lost fanout                                                                              ;
; dwt_2d_top:dwt_inst|dwt_2d_level:level_1|dwt_1d_bior:u_dwt_b|state~9                ; Lost fanout                                                                              ;
; dwt_2d_top:dwt_inst|dwt_2d_level:level_1|dwt_1d_bior:u_dwt_b|state~10               ; Lost fanout                                                                              ;
; dwt_2d_top:dwt_inst|dwt_2d_level:level_1|dwt_1d_bior:u_dwt_a|state~9                ; Lost fanout                                                                              ;
; dwt_2d_top:dwt_inst|dwt_2d_level:level_1|dwt_1d_bior:u_dwt_a|state~10               ; Lost fanout                                                                              ;
; dwt_2d_top:dwt_inst|ll2_rd_ptr[9,10]                                                ; Lost fanout                                                                              ;
; dwt_2d_top:dwt_inst|dwt_2d_level:level_3|col_out_ptr_a[8..10]                       ; Lost fanout                                                                              ;
; dwt_2d_top:dwt_inst|dwt_2d_level:level_1|col_out_ptr_a[9,10]                        ; Lost fanout                                                                              ;
; dwt_2d_top:dwt_inst|dwt_2d_level:level_3|row_out_ptr[9,10]                          ; Lost fanout                                                                              ;
; dwt_2d_top:dwt_inst|ll2_wr_ptr[9,10]                                                ; Lost fanout                                                                              ;
; dwt_2d_top:dwt_inst|dwt_2d_level:level_1|dwt_1d_bior:u_dwt_a|wr_ptr[6..10]          ; Lost fanout                                                                              ;
; dwt_2d_top:dwt_inst|dwt_2d_level:level_2|dwt_1d_bior:u_dwt_a|wr_ptr[6..10]          ; Lost fanout                                                                              ;
; dwt_2d_top:dwt_inst|dwt_2d_level:level_3|dwt_1d_bior:u_dwt_a|wr_ptr[5..10]          ; Lost fanout                                                                              ;
; dwt_2d_top:dwt_inst|dwt_2d_level:level_1|dwt_a_cfg_N[6]                             ; Stuck at VCC due to stuck port data_in                                                   ;
; dwt_2d_top:dwt_inst|dwt_2d_level:level_1|dwt_1d_bior:u_dwt_a|out_len[2]             ; Merged with dwt_2d_top:dwt_inst|dwt_2d_level:level_1|dwt_1d_bior:u_dwt_a|out_len[5]      ;
; Total Number of Removed Registers = 415                                             ;                                                                                          ;
+-------------------------------------------------------------------------------------+------------------------------------------------------------------------------------------+


+--------------------------------------------------------------------------------------------------------------------------------------------------------------------------------------+
; Removed Registers Triggering Further Register Optimizations                                                                                                                          ;
+------------------------------------------------------------------------------+---------------------------+---------------------------------------------------------------------------+
; Register name                                                                ; Reason for Removal        ; Registers Removed due to This Register                                    ;
+------------------------------------------------------------------------------+---------------------------+---------------------------------------------------------------------------+
; dwt_2d_top:dwt_inst|dwt_2d_level:level_1|out_M_reg[10]                       ; Stuck at GND              ; dwt_2d_top:dwt_inst|dwt_2d_level:level_1|out_rows[10],                    ;
;                                                                              ; due to stuck port data_in ; dwt_2d_top:dwt_inst|ll1_rows[10],                                         ;
;                                                                              ;                           ; dwt_2d_top:dwt_inst|dwt_2d_level:level_2|out_M_reg[7],                    ;
;                                                                              ;                           ; dwt_2d_top:dwt_inst|dwt_2d_level:level_2|out_M_reg[6],                    ;
;                                                                              ;                           ; dwt_2d_top:dwt_inst|dwt_2d_level:level_2|out_M_reg[5],                    ;
;                                                                              ;                           ; dwt_2d_top:dwt_inst|dwt_2d_level:level_2|out_M_reg[0],                    ;
;                                                                              ;                           ; dwt_2d_top:dwt_inst|dwt_2d_level:level_2|out_rows[7],                     ;
;                                                                              ;                           ; dwt_2d_top:dwt_inst|dwt_2d_level:level_2|out_rows[6],                     ;
;                                                                              ;                           ; dwt_2d_top:dwt_inst|dwt_2d_level:level_2|out_rows[5],                     ;
;                                                                              ;                           ; dwt_2d_top:dwt_inst|dwt_2d_level:level_2|out_rows[0],                     ;
;                                                                              ;                           ; dwt_2d_top:dwt_inst|dwt_2d_level:level_2|dwt_1d_bior:u_dwt_b|out_len[7],  ;
;                                                                              ;                           ; dwt_2d_top:dwt_inst|dwt_2d_level:level_2|dwt_1d_bior:u_dwt_b|out_len[6],  ;
;                                                                              ;                           ; dwt_2d_top:dwt_inst|dwt_2d_level:level_2|dwt_1d_bior:u_dwt_b|out_len[5],  ;
;                                                                              ;                           ; dwt_2d_top:dwt_inst|dwt_2d_level:level_2|dwt_1d_bior:u_dwt_b|out_len[0],  ;
;                                                                              ;                           ; dwt_2d_top:dwt_inst|ll2_rows[7], dwt_2d_top:dwt_inst|ll2_rows[6],         ;
;                                                                              ;                           ; dwt_2d_top:dwt_inst|ll2_rows[5], dwt_2d_top:dwt_inst|ll2_rows[0],         ;
;                                                                              ;                           ; dwt_2d_top:dwt_inst|dwt_2d_level:level_2|out_M_reg[3],                    ;
;                                                                              ;                           ; dwt_2d_top:dwt_inst|dwt_2d_level:level_2|out_rows[3],                     ;
;                                                                              ;                           ; dwt_2d_top:dwt_inst|dwt_2d_level:level_2|dwt_1d_bior:u_dwt_b|out_len[3],  ;
;                                                                              ;                           ; dwt_2d_top:dwt_inst|ll2_rows[3],                                          ;
;                                                                              ;                           ; dwt_2d_top:dwt_inst|dwt_2d_level:level_3|out_M_reg[10],                   ;
;                                                                              ;                           ; dwt_2d_top:dwt_inst|dwt_2d_level:level_3|dwt_1d_bior:u_dwt_b|out_len[10], ;
;                                                                              ;                           ; dwt_2d_top:dwt_inst|dwt_2d_level:level_3|dwt_a_cfg_N[0],                  ;
;                                                                              ;                           ; dwt_2d_top:dwt_inst|dwt_2d_level:level_3|dwt_1d_bior:u_dwt_a|out_len[4],  ;
;                                                                              ;                           ; dwt_2d_top:dwt_inst|dwt_2d_level:level_3|dwt_1d_bior:u_dwt_a|out_len[5],  ;
;                                                                              ;                           ; dwt_2d_top:dwt_inst|dwt_2d_level:level_3|dwt_1d_bior:u_dwt_a|out_len[6],  ;
;                                                                              ;                           ; dwt_2d_top:dwt_inst|dwt_2d_level:level_3|dwt_1d_bior:u_dwt_a|out_len[7],  ;
;                                                                              ;                           ; dwt_2d_top:dwt_inst|dwt_2d_level:level_3|dwt_1d_bior:u_dwt_a|out_len[8],  ;
;                                                                              ;                           ; dwt_2d_top:dwt_inst|dwt_2d_level:level_3|dwt_1d_bior:u_dwt_a|out_len[9],  ;
;                                                                              ;                           ; dwt_2d_top:dwt_inst|dwt_2d_level:level_3|dwt_1d_bior:u_dwt_a|out_len[10], ;
;                                                                              ;                           ; dwt_2d_top:dwt_inst|dwt_2d_level:level_3|dwt_1d_bior:u_dwt_a|N_reg[0]     ;
; dwt_2d_top:dwt_inst|dwt_2d_level:level_1|out_N_reg[10]                       ; Stuck at GND              ; dwt_2d_top:dwt_inst|dwt_2d_level:level_1|out_cols[10],                    ;
;                                                                              ; due to stuck port data_in ; dwt_2d_top:dwt_inst|ll1_cols[10],                                         ;
;                                                                              ;                           ; dwt_2d_top:dwt_inst|dwt_2d_level:level_2|out_N_reg[7],                    ;
;                                                                              ;                           ; dwt_2d_top:dwt_inst|dwt_2d_level:level_2|out_N_reg[6],                    ;
;                                                                              ;                           ; dwt_2d_top:dwt_inst|dwt_2d_level:level_2|out_N_reg[5],                    ;
;                                                                              ;                           ; dwt_2d_top:dwt_inst|dwt_2d_level:level_2|out_N_reg[0],                    ;
;                                                                              ;                           ; dwt_2d_top:dwt_inst|dwt_2d_level:level_2|out_cols[0],                     ;
;                                                                              ;                           ; dwt_2d_top:dwt_inst|dwt_2d_level:level_2|out_cols[7],                     ;
;                                                                              ;                           ; dwt_2d_top:dwt_inst|dwt_2d_level:level_2|out_cols[6],                     ;
;                                                                              ;                           ; dwt_2d_top:dwt_inst|dwt_2d_level:level_2|out_cols[5],                     ;
;                                                                              ;                           ; dwt_2d_top:dwt_inst|ll2_cols[7], dwt_2d_top:dwt_inst|ll2_cols[6],         ;
;                                                                              ;                           ; dwt_2d_top:dwt_inst|ll2_cols[5], dwt_2d_top:dwt_inst|ll2_cols[0],         ;
;                                                                              ;                           ; dwt_2d_top:dwt_inst|dwt_2d_level:level_2|out_N_reg[3],                    ;
;                                                                              ;                           ; dwt_2d_top:dwt_inst|dwt_2d_level:level_2|out_cols[3],                     ;
;                                                                              ;                           ; dwt_2d_top:dwt_inst|ll2_cols[3]                                           ;
; dwt_2d_top:dwt_inst|dwt_2d_level:level_1|out_M_reg[0]                        ; Stuck at GND              ; dwt_2d_top:dwt_inst|dwt_2d_level:level_1|out_rows[0],                     ;
;                                                                              ; due to stuck port data_in ; dwt_2d_top:dwt_inst|ll1_rows[0],                                          ;
;                                                                              ;                           ; dwt_2d_top:dwt_inst|dwt_2d_level:level_2|out_M_reg[8],                    ;
;                                                                              ;                           ; dwt_2d_top:dwt_inst|dwt_2d_level:level_2|out_rows[8],                     ;
;                                                                              ;                           ; dwt_2d_top:dwt_inst|dwt_2d_level:level_2|dwt_1d_bior:u_dwt_b|out_len[8],  ;
;                                                                              ;                           ; dwt_2d_top:dwt_inst|ll2_rows[8],                                          ;
;                                                                              ;                           ; dwt_2d_top:dwt_inst|dwt_2d_level:level_2|dwt_a_cfg_N[0],                  ;
;                                                                              ;                           ; dwt_2d_top:dwt_inst|dwt_2d_level:level_2|dwt_1d_bior:u_dwt_a|out_len[3],  ;
;                                                                              ;                           ; dwt_2d_top:dwt_inst|dwt_2d_level:level_2|dwt_1d_bior:u_dwt_a|out_len[5],  ;
;                                                                              ;                           ; dwt_2d_top:dwt_inst|dwt_2d_level:level_2|dwt_1d_bior:u_dwt_a|out_len[6],  ;
;                                                                              ;                           ; dwt_2d_top:dwt_inst|dwt_2d_level:level_2|dwt_1d_bior:u_dwt_a|out_len[7],  ;
;                                                                              ;                           ; dwt_2d_top:dwt_inst|dwt_2d_level:level_2|dwt_1d_bior:u_dwt_a|out_len[8],  ;
;                                                                              ;                           ; dwt_2d_top:dwt_inst|dwt_2d_level:level_2|dwt_1d_bior:u_dwt_a|out_len[9],  ;
;                                                                              ;                           ; dwt_2d_top:dwt_inst|dwt_2d_level:level_2|dwt_1d_bior:u_dwt_a|out_len[10], ;
;                                                                              ;                           ; dwt_2d_top:dwt_inst|dwt_2d_level:level_2|dwt_1d_bior:u_dwt_a|N_reg[0]     ;
; dwt_2d_top:dwt_inst|dwt_2d_level:level_2|out_M_reg[10]                       ; Stuck at GND              ; dwt_2d_top:dwt_inst|dwt_2d_level:level_2|out_rows[10],                    ;
;                                                                              ; due to stuck port data_in ; dwt_2d_top:dwt_inst|ll2_rows[10],                                         ;
;                                                                              ;                           ; dwt_2d_top:dwt_inst|dwt_2d_level:level_3|out_M_reg[5],                    ;
;                                                                              ;                           ; dwt_2d_top:dwt_inst|dwt_2d_level:level_3|out_M_reg[4],                    ;
;                                                                              ;                           ; dwt_2d_top:dwt_inst|dwt_2d_level:level_3|dwt_1d_bior:u_dwt_b|out_len[5],  ;
;                                                                              ;                           ; dwt_2d_top:dwt_inst|dwt_2d_level:level_3|dwt_1d_bior:u_dwt_b|out_len[4]   ;
; dwt_2d_top:dwt_inst|dwt_2d_level:level_1|dwt_a_cfg_N[0]                      ; Stuck at GND              ; dwt_2d_top:dwt_inst|dwt_2d_level:level_1|dwt_1d_bior:u_dwt_a|out_len[6],  ;
;                                                                              ; due to stuck port data_in ; dwt_2d_top:dwt_inst|dwt_2d_level:level_1|dwt_1d_bior:u_dwt_a|out_len[7],  ;
;                                                                              ;                           ; dwt_2d_top:dwt_inst|dwt_2d_level:level_1|dwt_1d_bior:u_dwt_a|out_len[8],  ;
;                                                                              ;                           ; dwt_2d_top:dwt_inst|dwt_2d_level:level_1|dwt_1d_bior:u_dwt_a|out_len[9],  ;
;                                                                              ;                           ; dwt_2d_top:dwt_inst|dwt_2d_level:level_1|dwt_1d_bior:u_dwt_a|out_len[10], ;
;                                                                              ;                           ; dwt_2d_top:dwt_inst|dwt_2d_level:level_1|dwt_1d_bior:u_dwt_a|N_reg[0]     ;
; dwt_2d_top:dwt_inst|dwt_2d_level:level_3|dwt_1d_bior:u_dwt_a|wr_ptr[10]      ; Lost Fanouts              ; dwt_2d_top:dwt_inst|dwt_2d_level:level_3|dwt_1d_bior:u_dwt_a|wr_ptr[9],   ;
;                                                                              ;                           ; dwt_2d_top:dwt_inst|dwt_2d_level:level_3|dwt_1d_bior:u_dwt_a|wr_ptr[8],   ;
;                                                                              ;                           ; dwt_2d_top:dwt_inst|dwt_2d_level:level_3|dwt_1d_bior:u_dwt_a|wr_ptr[7],   ;
;                                                                              ;                           ; dwt_2d_top:dwt_inst|dwt_2d_level:level_3|dwt_1d_bior:u_dwt_a|wr_ptr[6],   ;
;                                                                              ;                           ; dwt_2d_top:dwt_inst|dwt_2d_level:level_3|dwt_1d_bior:u_dwt_a|wr_ptr[5]    ;
; dwt_2d_top:dwt_inst|dwt_2d_level:level_1|out_N_reg[0]                        ; Stuck at GND              ; dwt_2d_top:dwt_inst|dwt_2d_level:level_1|out_cols[0],                     ;
;                                                                              ; due to stuck port data_in ; dwt_2d_top:dwt_inst|ll1_cols[0],                                          ;
;                                                                              ;                           ; dwt_2d_top:dwt_inst|dwt_2d_level:level_2|out_N_reg[8],                    ;
;                                                                              ;                           ; dwt_2d_top:dwt_inst|dwt_2d_level:level_2|out_cols[8],                     ;
;                                                                              ;                           ; dwt_2d_top:dwt_inst|ll2_cols[8]                                           ;
; dwt_2d_top:dwt_inst|dwt_2d_level:level_1|dwt_1d_bior:u_dwt_a|wr_ptr[10]      ; Lost Fanouts              ; dwt_2d_top:dwt_inst|dwt_2d_level:level_1|dwt_1d_bior:u_dwt_a|wr_ptr[9],   ;
;                                                                              ;                           ; dwt_2d_top:dwt_inst|dwt_2d_level:level_1|dwt_1d_bior:u_dwt_a|wr_ptr[8],   ;
;                                                                              ;                           ; dwt_2d_top:dwt_inst|dwt_2d_level:level_1|dwt_1d_bior:u_dwt_a|wr_ptr[7],   ;
;                                                                              ;                           ; dwt_2d_top:dwt_inst|dwt_2d_level:level_1|dwt_1d_bior:u_dwt_a|wr_ptr[6]    ;
; dwt_2d_top:dwt_inst|dwt_2d_level:level_2|dwt_1d_bior:u_dwt_a|wr_ptr[10]      ; Lost Fanouts              ; dwt_2d_top:dwt_inst|dwt_2d_level:level_2|dwt_1d_bior:u_dwt_a|wr_ptr[9],   ;
;                                                                              ;                           ; dwt_2d_top:dwt_inst|dwt_2d_level:level_2|dwt_1d_bior:u_dwt_a|wr_ptr[8],   ;
;                                                                              ;                           ; dwt_2d_top:dwt_inst|dwt_2d_level:level_2|dwt_1d_bior:u_dwt_a|wr_ptr[7],   ;
;                                                                              ;                           ; dwt_2d_top:dwt_inst|dwt_2d_level:level_2|dwt_1d_bior:u_dwt_a|wr_ptr[6]    ;
; dwt_2d_top:dwt_inst|dwt_2d_level:level_1|out_N_reg[6]                        ; Stuck at GND              ; dwt_2d_top:dwt_inst|dwt_2d_level:level_1|out_cols[6],                     ;
;                                                                              ; due to stuck port data_in ; dwt_2d_top:dwt_inst|ll1_cols[6]                                           ;
; dwt_2d_top:dwt_inst|dwt_2d_level:level_1|out_N_reg[4]                        ; Stuck at GND              ; dwt_2d_top:dwt_inst|dwt_2d_level:level_1|out_cols[4],                     ;
;                                                                              ; due to stuck port data_in ; dwt_2d_top:dwt_inst|ll1_cols[4]                                           ;
; dwt_2d_top:dwt_inst|dwt_2d_level:level_1|out_N_reg[3]                        ; Stuck at GND              ; dwt_2d_top:dwt_inst|dwt_2d_level:level_1|out_cols[3],                     ;
;                                                                              ; due to stuck port data_in ; dwt_2d_top:dwt_inst|ll1_cols[3]                                           ;
; dwt_2d_top:dwt_inst|dwt_2d_level:level_1|out_N_reg[1]                        ; Stuck at GND              ; dwt_2d_top:dwt_inst|dwt_2d_level:level_1|out_cols[1],                     ;
;                                                                              ; due to stuck port data_in ; dwt_2d_top:dwt_inst|ll1_cols[1]                                           ;
; dwt_2d_top:dwt_inst|dwt_2d_level:level_1|out_M_reg[9]                        ; Stuck at GND              ; dwt_2d_top:dwt_inst|dwt_2d_level:level_1|out_rows[9],                     ;
;                                                                              ; due to stuck port data_in ; dwt_2d_top:dwt_inst|ll1_rows[9]                                           ;
; dwt_2d_top:dwt_inst|dwt_2d_level:level_1|out_M_reg[8]                        ; Stuck at GND              ; dwt_2d_top:dwt_inst|dwt_2d_level:level_1|out_rows[8],                     ;
;                                                                              ; due to stuck port data_in ; dwt_2d_top:dwt_inst|ll1_rows[8]                                           ;
; dwt_2d_top:dwt_inst|dwt_2d_level:level_1|out_M_reg[7]                        ; Stuck at GND              ; dwt_2d_top:dwt_inst|dwt_2d_level:level_1|out_rows[7],                     ;
;                                                                              ; due to stuck port data_in ; dwt_2d_top:dwt_inst|ll1_rows[7]                                           ;
; dwt_2d_top:dwt_inst|dwt_2d_level:level_1|out_M_reg[6]                        ; Stuck at GND              ; dwt_2d_top:dwt_inst|dwt_2d_level:level_1|out_rows[6],                     ;
;                                                                              ; due to stuck port data_in ; dwt_2d_top:dwt_inst|ll1_rows[6]                                           ;
; dwt_2d_top:dwt_inst|dwt_2d_level:level_1|out_M_reg[4]                        ; Stuck at GND              ; dwt_2d_top:dwt_inst|dwt_2d_level:level_1|out_rows[4],                     ;
;                                                                              ; due to stuck port data_in ; dwt_2d_top:dwt_inst|ll1_rows[4]                                           ;
; dwt_2d_top:dwt_inst|dwt_2d_level:level_1|out_M_reg[3]                        ; Stuck at GND              ; dwt_2d_top:dwt_inst|dwt_2d_level:level_1|out_rows[3],                     ;
;                                                                              ; due to stuck port data_in ; dwt_2d_top:dwt_inst|ll1_rows[3]                                           ;
; dwt_2d_top:dwt_inst|dwt_2d_level:level_1|out_M_reg[1]                        ; Stuck at GND              ; dwt_2d_top:dwt_inst|dwt_2d_level:level_1|out_rows[1],                     ;
;                                                                              ; due to stuck port data_in ; dwt_2d_top:dwt_inst|ll1_rows[1]                                           ;
; dwt_2d_top:dwt_inst|dwt_2d_level:level_2|out_N_reg[10]                       ; Stuck at GND              ; dwt_2d_top:dwt_inst|dwt_2d_level:level_2|out_cols[10],                    ;
;                                                                              ; due to stuck port data_in ; dwt_2d_top:dwt_inst|ll2_cols[10]                                          ;
; dwt_2d_top:dwt_inst|dwt_2d_level:level_2|out_N_reg[9]                        ; Stuck at GND              ; dwt_2d_top:dwt_inst|dwt_2d_level:level_2|out_cols[9],                     ;
;                                                                              ; due to stuck port data_in ; dwt_2d_top:dwt_inst|ll2_cols[9]                                           ;
; dwt_2d_top:dwt_inst|dwt_2d_level:level_2|out_M_reg[9]                        ; Stuck at GND              ; dwt_2d_top:dwt_inst|dwt_2d_level:level_2|out_rows[9],                     ;
;                                                                              ; due to stuck port data_in ; dwt_2d_top:dwt_inst|ll2_rows[9]                                           ;
; dwt_2d_top:dwt_inst|dwt_2d_level:level_1|out_N_reg[9]                        ; Stuck at GND              ; dwt_2d_top:dwt_inst|dwt_2d_level:level_1|out_cols[9],                     ;
;                                                                              ; due to stuck port data_in ; dwt_2d_top:dwt_inst|ll1_cols[9]                                           ;
; dwt_2d_top:dwt_inst|dwt_2d_level:level_3|col_out_ptr_a[10]                   ; Lost Fanouts              ; dwt_2d_top:dwt_inst|dwt_2d_level:level_3|col_out_ptr_a[9],                ;
;                                                                              ;                           ; dwt_2d_top:dwt_inst|dwt_2d_level:level_3|col_out_ptr_a[8]                 ;
; dwt_2d_top:dwt_inst|dwt_2d_level:level_1|out_N_reg[8]                        ; Stuck at GND              ; dwt_2d_top:dwt_inst|dwt_2d_level:level_1|out_cols[8],                     ;
;                                                                              ; due to stuck port data_in ; dwt_2d_top:dwt_inst|ll1_cols[8]                                           ;
; dwt_2d_top:dwt_inst|dwt_2d_level:level_1|out_N_reg[7]                        ; Stuck at GND              ; dwt_2d_top:dwt_inst|dwt_2d_level:level_1|out_cols[7],                     ;
;                                                                              ; due to stuck port data_in ; dwt_2d_top:dwt_inst|ll1_cols[7]                                           ;
; dwt_2d_top:dwt_inst|dwt_2d_level:level_1|dwt_1d_bior:u_dwt_a|coeff_lo_d1[10] ; Stuck at GND              ; dwt_2d_top:dwt_inst|dwt_2d_level:level_1|dwt_1d_bior:u_dwt_a|acc_lo[57]   ;
;                                                                              ; due to stuck port data_in ;                                                                           ;
; dwt_2d_top:dwt_inst|dwt_2d_level:level_1|col_out_ptr_a[10]                   ; Lost Fanouts              ; dwt_2d_top:dwt_inst|dwt_2d_level:level_1|col_out_ptr_a[9]                 ;
; dwt_2d_top:dwt_inst|dwt_2d_level:level_3|row_out_ptr[10]                     ; Lost Fanouts              ; dwt_2d_top:dwt_inst|dwt_2d_level:level_3|row_out_ptr[9]                   ;
; dwt_2d_top:dwt_inst|ll2_wr_ptr[10]                                           ; Lost Fanouts              ; dwt_2d_top:dwt_inst|ll2_wr_ptr[9]                                         ;
; dwt_2d_top:dwt_inst|dwt_2d_level:level_2|dwt_1d_bior:u_dwt_a|coeff_lo_d1[10] ; Stuck at GND              ; dwt_2d_top:dwt_inst|dwt_2d_level:level_2|dwt_1d_bior:u_dwt_a|acc_lo[57]   ;
;                                                                              ; due to stuck port data_in ;                                                                           ;
; dwt_2d_top:dwt_inst|ll2_rd_ptr[10]                                           ; Lost Fanouts              ; dwt_2d_top:dwt_inst|ll2_rd_ptr[9]                                         ;
; dwt_2d_top:dwt_inst|dwt_2d_level:level_3|dwt_1d_bior:u_dwt_a|coeff_lo_d1[10] ; Stuck at GND              ; dwt_2d_top:dwt_inst|dwt_2d_level:level_3|dwt_1d_bior:u_dwt_a|acc_lo[57]   ;
;                                                                              ; due to stuck port data_in ;                                                                           ;
+------------------------------------------------------------------------------+---------------------------+---------------------------------------------------------------------------+


+------------------------------------------------------+
; General Register Statistics                          ;
+----------------------------------------------+-------+
; Statistic                                    ; Value ;
+----------------------------------------------+-------+
; Total registers                              ; 1186  ;
; Number of registers using Synchronous Clear  ; 444   ;
; Number of registers using Synchronous Load   ; 67    ;
; Number of registers using Asynchronous Clear ; 752   ;
; Number of registers using Asynchronous Load  ; 0     ;
; Number of registers using Clock Enable       ; 913   ;
; Number of registers using Preset             ; 0     ;
+----------------------------------------------+-------+


+---------------------------------------------------------------------------------+
; Inverted Register Statistics                                                    ;
+-----------------------------------------------------------------------+---------+
; Inverted Register                                                     ; Fan out ;
+-----------------------------------------------------------------------+---------+
; dwt_2d_top:dwt_inst|dwt_2d_level:level_1|dwt_1d_bior:u_dwt_a|in_ready ; 9       ;
; dwt_2d_top:dwt_inst|dwt_2d_level:level_2|dwt_1d_bior:u_dwt_a|in_ready ; 9       ;
; dwt_2d_top:dwt_inst|dwt_2d_level:level_3|dwt_1d_bior:u_dwt_a|in_ready ; 9       ;
; dwt_2d_top:dwt_inst|dwt_2d_level:level_1|dwt_1d_bior:u_dwt_b|in_ready ; 4       ;
; dwt_2d_top:dwt_inst|dwt_2d_level:level_2|dwt_1d_bior:u_dwt_b|in_ready ; 4       ;
; dwt_2d_top:dwt_inst|dwt_2d_level:level_3|dwt_1d_bior:u_dwt_b|in_ready ; 4       ;
; Total number of inverted registers = 6                                ;         ;
+-----------------------------------------------------------------------+---------+


+-------------------------------------------------------------------------------------------------------------------------------------------------------------+
; Registers Packed Into Inferred Megafunctions                                                                                                                ;
+---------------------------------------------------------------------------+--------------------------------------------------------------------------+------+
; Register Name                                                             ; Megafunction                                                             ; Type ;
+---------------------------------------------------------------------------+--------------------------------------------------------------------------+------+
; dwt_2d_top:dwt_inst|ll1_rd_data[0..31]                                    ; dwt_2d_top:dwt_inst|ll1_buf_rtl_0                                        ; RAM  ;
; dwt_2d_top:dwt_inst|ll2_rd_data[0..31]                                    ; dwt_2d_top:dwt_inst|ll2_buf_rtl_0                                        ; RAM  ;
; dwt_2d_top:dwt_inst|dwt_2d_level:level_3|L_rd_data[0..31]                 ; dwt_2d_top:dwt_inst|dwt_2d_level:level_3|L_rows_rtl_0                    ; RAM  ;
; dwt_2d_top:dwt_inst|dwt_2d_level:level_3|res_LL_rd[0..31]                 ; dwt_2d_top:dwt_inst|dwt_2d_level:level_3|res_LL_rtl_0                    ; RAM  ;
; dwt_2d_top:dwt_inst|dwt_2d_level:level_3|dwt_1d_bior:u_dwt_a|x_val[0..31] ; dwt_2d_top:dwt_inst|dwt_2d_level:level_3|dwt_1d_bior:u_dwt_a|x_buf_rtl_0 ; RAM  ;
; dwt_2d_top:dwt_inst|dwt_2d_level:level_2|L_rd_data[0..31]                 ; dwt_2d_top:dwt_inst|dwt_2d_level:level_2|L_rows_rtl_0                    ; RAM  ;
; dwt_2d_top:dwt_inst|dwt_2d_level:level_2|res_LL_rd[0..31]                 ; dwt_2d_top:dwt_inst|dwt_2d_level:level_2|res_LL_rtl_0                    ; RAM  ;
; dwt_2d_top:dwt_inst|dwt_2d_level:level_2|dwt_1d_bior:u_dwt_a|x_val[0..31] ; dwt_2d_top:dwt_inst|dwt_2d_level:level_2|dwt_1d_bior:u_dwt_a|x_buf_rtl_0 ; RAM  ;
; dwt_2d_top:dwt_inst|dwt_2d_level:level_1|L_rd_data[0..31]                 ; dwt_2d_top:dwt_inst|dwt_2d_level:level_1|L_rows_rtl_0                    ; RAM  ;
; dwt_2d_top:dwt_inst|dwt_2d_level:level_1|res_LL_rd[0..31]                 ; dwt_2d_top:dwt_inst|dwt_2d_level:level_1|res_LL_rtl_0                    ; RAM  ;
; dwt_2d_top:dwt_inst|dwt_2d_level:level_1|dwt_1d_bior:u_dwt_a|x_val[0..31] ; dwt_2d_top:dwt_inst|dwt_2d_level:level_1|dwt_1d_bior:u_dwt_a|x_buf_rtl_0 ; RAM  ;
+---------------------------------------------------------------------------+--------------------------------------------------------------------------+------+


+-----------------------------------------------------------------------------------------------------------------------------------------------------------------------------------------------------+
; Multiplexer Restructuring Statistics (Restructuring Performed)                                                                                                                                      ;
+--------------------+-----------+---------------+----------------------+------------------------+------------+---------------------------------------------------------------------------------------+
; Multiplexer Inputs ; Bus Width ; Baseline Area ; Area if Restructured ; Saving if Restructured ; Registered ; Example Multiplexer Output                                                            ;
+--------------------+-----------+---------------+----------------------+------------------------+------------+---------------------------------------------------------------------------------------+
; 4:1                ; 2 bits    ; 4 LEs         ; 0 LEs                ; 4 LEs                  ; Yes        ; |evaultr_top|dwt_2d_top:dwt_inst|dwt_2d_level:level_3|dwt_a_cfg_N[1]                  ;
; 5:1                ; 33 bits   ; 99 LEs        ; 0 LEs                ; 99 LEs                 ; Yes        ; |evaultr_top|dwt_2d_top:dwt_inst|l1_in_data[14]                                       ;
; 5:1                ; 11 bits   ; 33 LEs        ; 0 LEs                ; 33 LEs                 ; Yes        ; |evaultr_top|dwt_2d_top:dwt_inst|dwt_2d_level:level_3|out_col_idx[10]                 ;
; 5:1                ; 11 bits   ; 33 LEs        ; 0 LEs                ; 33 LEs                 ; Yes        ; |evaultr_top|dwt_2d_top:dwt_inst|dwt_2d_level:level_2|out_col_idx[9]                  ;
; 5:1                ; 11 bits   ; 33 LEs        ; 0 LEs                ; 33 LEs                 ; Yes        ; |evaultr_top|dwt_2d_top:dwt_inst|dwt_2d_level:level_1|out_col_idx[1]                  ;
; 5:1                ; 11 bits   ; 33 LEs        ; 0 LEs                ; 33 LEs                 ; Yes        ; |evaultr_top|dwt_2d_top:dwt_inst|dwt_2d_level:level_3|out_row_idx[6]                  ;
; 5:1                ; 11 bits   ; 33 LEs        ; 0 LEs                ; 33 LEs                 ; Yes        ; |evaultr_top|dwt_2d_top:dwt_inst|dwt_2d_level:level_2|out_row_idx[1]                  ;
; 5:1                ; 11 bits   ; 33 LEs        ; 0 LEs                ; 33 LEs                 ; Yes        ; |evaultr_top|dwt_2d_top:dwt_inst|dwt_2d_level:level_1|out_row_idx[10]                 ;
; 5:1                ; 11 bits   ; 33 LEs        ; 0 LEs                ; 33 LEs                 ; Yes        ; |evaultr_top|dwt_2d_top:dwt_inst|ll1_rd_ptr[2]                                        ;
; 5:1                ; 11 bits   ; 33 LEs        ; 0 LEs                ; 33 LEs                 ; Yes        ; |evaultr_top|dwt_2d_top:dwt_inst|ll2_rd_ptr[0]                                        ;
; 6:1                ; 33 bits   ; 132 LEs       ; 33 LEs               ; 99 LEs                 ; Yes        ; |evaultr_top|dwt_2d_top:dwt_inst|dwt_2d_level:level_3|dwt_a_in_data[13]               ;
; 6:1                ; 33 bits   ; 132 LEs       ; 33 LEs               ; 99 LEs                 ; Yes        ; |evaultr_top|dwt_2d_top:dwt_inst|dwt_2d_level:level_2|dwt_a_in_data[17]               ;
; 6:1                ; 33 bits   ; 132 LEs       ; 0 LEs                ; 132 LEs                ; Yes        ; |evaultr_top|dwt_2d_top:dwt_inst|dwt_2d_level:level_1|dwt_a_in_data[17]               ;
; 4:1                ; 11 bits   ; 22 LEs        ; 0 LEs                ; 22 LEs                 ; Yes        ; |evaultr_top|dwt_2d_top:dwt_inst|dwt_2d_level:level_3|col_out_ptr_a[10]               ;
; 4:1                ; 11 bits   ; 22 LEs        ; 0 LEs                ; 22 LEs                 ; Yes        ; |evaultr_top|dwt_2d_top:dwt_inst|dwt_2d_level:level_2|col_out_ptr_a[6]                ;
; 4:1                ; 11 bits   ; 22 LEs        ; 0 LEs                ; 22 LEs                 ; Yes        ; |evaultr_top|dwt_2d_top:dwt_inst|dwt_2d_level:level_1|col_out_ptr_a[6]                ;
; 6:1                ; 11 bits   ; 44 LEs        ; 0 LEs                ; 44 LEs                 ; Yes        ; |evaultr_top|dwt_2d_top:dwt_inst|dwt_2d_level:level_3|col_idx[1]                      ;
; 6:1                ; 11 bits   ; 44 LEs        ; 0 LEs                ; 44 LEs                 ; Yes        ; |evaultr_top|dwt_2d_top:dwt_inst|dwt_2d_level:level_2|col_idx[6]                      ;
; 6:1                ; 11 bits   ; 44 LEs        ; 0 LEs                ; 44 LEs                 ; Yes        ; |evaultr_top|dwt_2d_top:dwt_inst|dwt_2d_level:level_1|col_idx[1]                      ;
; 7:1                ; 11 bits   ; 44 LEs        ; 0 LEs                ; 44 LEs                 ; Yes        ; |evaultr_top|dwt_2d_top:dwt_inst|dwt_2d_level:level_3|col_feed_row[1]                 ;
; 7:1                ; 11 bits   ; 44 LEs        ; 0 LEs                ; 44 LEs                 ; Yes        ; |evaultr_top|dwt_2d_top:dwt_inst|dwt_2d_level:level_2|col_feed_row[9]                 ;
; 7:1                ; 11 bits   ; 44 LEs        ; 0 LEs                ; 44 LEs                 ; Yes        ; |evaultr_top|dwt_2d_top:dwt_inst|dwt_2d_level:level_1|col_feed_row[5]                 ;
; 7:1                ; 4 bits    ; 16 LEs        ; 8 LEs                ; 8 LEs                  ; Yes        ; |evaultr_top|dwt_2d_top:dwt_inst|dwt_2d_level:level_3|dwt_1d_bior:u_dwt_b|j_cnt[0]    ;
; 7:1                ; 48 bits   ; 192 LEs       ; 0 LEs                ; 192 LEs                ; Yes        ; |evaultr_top|dwt_2d_top:dwt_inst|dwt_2d_level:level_3|dwt_1d_bior:u_dwt_a|acc_lo[34]  ;
; 7:1                ; 4 bits    ; 16 LEs        ; 8 LEs                ; 8 LEs                  ; Yes        ; |evaultr_top|dwt_2d_top:dwt_inst|dwt_2d_level:level_3|dwt_1d_bior:u_dwt_a|j_cnt[0]    ;
; 7:1                ; 4 bits    ; 16 LEs        ; 8 LEs                ; 8 LEs                  ; Yes        ; |evaultr_top|dwt_2d_top:dwt_inst|dwt_2d_level:level_2|dwt_1d_bior:u_dwt_b|j_cnt[3]    ;
; 7:1                ; 48 bits   ; 192 LEs       ; 0 LEs                ; 192 LEs                ; Yes        ; |evaultr_top|dwt_2d_top:dwt_inst|dwt_2d_level:level_2|dwt_1d_bior:u_dwt_a|acc_lo[37]  ;
; 7:1                ; 4 bits    ; 16 LEs        ; 8 LEs                ; 8 LEs                  ; Yes        ; |evaultr_top|dwt_2d_top:dwt_inst|dwt_2d_level:level_2|dwt_1d_bior:u_dwt_a|j_cnt[2]    ;
; 7:1                ; 4 bits    ; 16 LEs        ; 8 LEs                ; 8 LEs                  ; Yes        ; |evaultr_top|dwt_2d_top:dwt_inst|dwt_2d_level:level_1|dwt_1d_bior:u_dwt_b|j_cnt[0]    ;
; 7:1                ; 48 bits   ; 192 LEs       ; 0 LEs                ; 192 LEs                ; Yes        ; |evaultr_top|dwt_2d_top:dwt_inst|dwt_2d_level:level_1|dwt_1d_bior:u_dwt_a|acc_lo[32]  ;
; 7:1                ; 4 bits    ; 16 LEs        ; 8 LEs                ; 8 LEs                  ; Yes        ; |evaultr_top|dwt_2d_top:dwt_inst|dwt_2d_level:level_1|dwt_1d_bior:u_dwt_a|j_cnt[3]    ;
; 9:1                ; 11 bits   ; 66 LEs        ; 0 LEs                ; 66 LEs                 ; Yes        ; |evaultr_top|dwt_2d_top:dwt_inst|feed_row[5]                                          ;
; 11:1               ; 11 bits   ; 77 LEs        ; 0 LEs                ; 77 LEs                 ; Yes        ; |evaultr_top|dwt_2d_top:dwt_inst|feed_col[7]                                          ;
; 14:1               ; 9 bits    ; 81 LEs        ; 27 LEs               ; 54 LEs                 ; Yes        ; |evaultr_top|dwt_2d_top:dwt_inst|dwt_2d_level:level_3|rd_addr[0]                      ;
; 14:1               ; 10 bits   ; 90 LEs        ; 50 LEs               ; 40 LEs                 ; Yes        ; |evaultr_top|dwt_2d_top:dwt_inst|dwt_2d_level:level_2|rd_addr[8]                      ;
; 14:1               ; 2 bits    ; 18 LEs        ; 8 LEs                ; 10 LEs                 ; Yes        ; |evaultr_top|dwt_2d_top:dwt_inst|dwt_2d_level:level_1|rd_addr[0]                      ;
; 14:1               ; 10 bits   ; 90 LEs        ; 30 LEs               ; 60 LEs                 ; Yes        ; |evaultr_top|dwt_2d_top:dwt_inst|dwt_2d_level:level_1|rd_addr[2]                      ;
; 3:1                ; 11 bits   ; 22 LEs        ; 22 LEs               ; 0 LEs                  ; No         ; |evaultr_top|dwt_2d_top:dwt_inst|dwt_2d_level:level_3|dwt_1d_bior:u_dwt_a|pass1[5]    ;
; 3:1                ; 4 bits    ; 8 LEs         ; 8 LEs                ; 0 LEs                  ; No         ; |evaultr_top|dwt_2d_top:dwt_inst|dwt_2d_level:level_3|dwt_1d_bior:u_dwt_a|refl_idx[1] ;
; 3:1                ; 11 bits   ; 22 LEs        ; 22 LEs               ; 0 LEs                  ; No         ; |evaultr_top|dwt_2d_top:dwt_inst|dwt_2d_level:level_2|dwt_1d_bior:u_dwt_a|pass1[10]   ;
; 3:1                ; 5 bits    ; 10 LEs        ; 10 LEs               ; 0 LEs                  ; No         ; |evaultr_top|dwt_2d_top:dwt_inst|dwt_2d_level:level_2|dwt_1d_bior:u_dwt_a|refl_idx[3] ;
; 3:1                ; 11 bits   ; 22 LEs        ; 22 LEs               ; 0 LEs                  ; No         ; |evaultr_top|dwt_2d_top:dwt_inst|dwt_2d_level:level_1|dwt_1d_bior:u_dwt_a|pass1[2]    ;
; 3:1                ; 5 bits    ; 10 LEs        ; 10 LEs               ; 0 LEs                  ; No         ; |evaultr_top|dwt_2d_top:dwt_inst|dwt_2d_level:level_1|dwt_1d_bior:u_dwt_a|refl_idx[5] ;
; 13:1               ; 7 bits    ; 56 LEs        ; 35 LEs               ; 21 LEs                 ; No         ; |evaultr_top|dwt_2d_top:dwt_inst|Selector22                                           ;
; 13:1               ; 3 bits    ; 24 LEs        ; 12 LEs               ; 12 LEs                 ; No         ; |evaultr_top|dwt_2d_top:dwt_inst|dwt_2d_level:level_3|Selector86                      ;
; 13:1               ; 3 bits    ; 24 LEs        ; 12 LEs               ; 12 LEs                 ; No         ; |evaultr_top|dwt_2d_top:dwt_inst|dwt_2d_level:level_2|Selector82                      ;
; 13:1               ; 3 bits    ; 24 LEs        ; 12 LEs               ; 12 LEs                 ; No         ; |evaultr_top|dwt_2d_top:dwt_inst|dwt_2d_level:level_1|Selector83                      ;
; 14:1               ; 2 bits    ; 18 LEs        ; 4 LEs                ; 14 LEs                 ; No         ; |evaultr_top|dwt_2d_top:dwt_inst|dwt_2d_level:level_3|Selector78                      ;
; 14:1               ; 2 bits    ; 18 LEs        ; 4 LEs                ; 14 LEs                 ; No         ; |evaultr_top|dwt_2d_top:dwt_inst|dwt_2d_level:level_2|Selector78                      ;
; 14:1               ; 2 bits    ; 18 LEs        ; 4 LEs                ; 14 LEs                 ; No         ; |evaultr_top|dwt_2d_top:dwt_inst|dwt_2d_level:level_1|Selector78                      ;
+--------------------+-----------+---------------+----------------------+------------------------+------------+---------------------------------------------------------------------------------------+


+----------------------------------------------------------------------------------------------------+
; Source assignments for dwt_2d_top:dwt_inst|altsyncram:ll1_buf_rtl_0|altsyncram_n9p1:auto_generated ;
+---------------------------------+--------------------+------+--------------------------------------+
; Assignment                      ; Value              ; From ; To                                   ;
+---------------------------------+--------------------+------+--------------------------------------+
; OPTIMIZE_POWER_DURING_SYNTHESIS ; NORMAL_COMPILATION ; -    ; -                                    ;
+---------------------------------+--------------------+------+--------------------------------------+


+----------------------------------------------------------------------------------------------------+
; Source assignments for dwt_2d_top:dwt_inst|altsyncram:ll2_buf_rtl_0|altsyncram_14p1:auto_generated ;
+---------------------------------+--------------------+------+--------------------------------------+
; Assignment                      ; Value              ; From ; To                                   ;
+---------------------------------+--------------------+------+--------------------------------------+
; OPTIMIZE_POWER_DURING_SYNTHESIS ; NORMAL_COMPILATION ; -    ; -                                    ;
+---------------------------------+--------------------+------+--------------------------------------+


+------------------------------------------------------------------------------------------------------------------------+
; Source assignments for dwt_2d_top:dwt_inst|dwt_2d_level:level_3|altsyncram:L_rows_rtl_0|altsyncram_d3p1:auto_generated ;
+---------------------------------+--------------------+------+----------------------------------------------------------+
; Assignment                      ; Value              ; From ; To                                                       ;
+---------------------------------+--------------------+------+----------------------------------------------------------+
; OPTIMIZE_POWER_DURING_SYNTHESIS ; NORMAL_COMPILATION ; -    ; -                                                        ;
+---------------------------------+--------------------+------+----------------------------------------------------------+


+------------------------------------------------------------------------------------------------------------------------+
; Source assignments for dwt_2d_top:dwt_inst|dwt_2d_level:level_3|altsyncram:res_LL_rtl_0|altsyncram_h3p1:auto_generated ;
+---------------------------------+--------------------+------+----------------------------------------------------------+
; Assignment                      ; Value              ; From ; To                                                       ;
+---------------------------------+--------------------+------+----------------------------------------------------------+
; OPTIMIZE_POWER_DURING_SYNTHESIS ; NORMAL_COMPILATION ; -    ; -                                                        ;
+---------------------------------+--------------------+------+----------------------------------------------------------+


+-------------------------------------------------------------------------------------------------------------------------------------------+
; Source assignments for dwt_2d_top:dwt_inst|dwt_2d_level:level_3|dwt_1d_bior:u_dwt_a|altsyncram:x_buf_rtl_0|altsyncram_10p1:auto_generated ;
+---------------------------------+--------------------+------+-----------------------------------------------------------------------------+
; Assignment                      ; Value              ; From ; To                                                                          ;
+---------------------------------+--------------------+------+-----------------------------------------------------------------------------+
; OPTIMIZE_POWER_DURING_SYNTHESIS ; NORMAL_COMPILATION ; -    ; -                                                                           ;
+---------------------------------+--------------------+------+-----------------------------------------------------------------------------+


+------------------------------------------------------------------------------------------------------------------------+
; Source assignments for dwt_2d_top:dwt_inst|dwt_2d_level:level_2|altsyncram:L_rows_rtl_0|altsyncram_l6p1:auto_generated ;
+---------------------------------+--------------------+------+----------------------------------------------------------+
; Assignment                      ; Value              ; From ; To                                                       ;
+---------------------------------+--------------------+------+----------------------------------------------------------+
; OPTIMIZE_POWER_DURING_SYNTHESIS ; NORMAL_COMPILATION ; -    ; -                                                        ;
+---------------------------------+--------------------+------+----------------------------------------------------------+


+------------------------------------------------------------------------------------------------------------------------+
; Source assignments for dwt_2d_top:dwt_inst|dwt_2d_level:level_2|altsyncram:res_LL_rtl_0|altsyncram_14p1:auto_generated ;
+---------------------------------+--------------------+------+----------------------------------------------------------+
; Assignment                      ; Value              ; From ; To                                                       ;
+---------------------------------+--------------------+------+----------------------------------------------------------+
; OPTIMIZE_POWER_DURING_SYNTHESIS ; NORMAL_COMPILATION ; -    ; -                                                        ;
+---------------------------------+--------------------+------+----------------------------------------------------------+


+-------------------------------------------------------------------------------------------------------------------------------------------+
; Source assignments for dwt_2d_top:dwt_inst|dwt_2d_level:level_2|dwt_1d_bior:u_dwt_a|altsyncram:x_buf_rtl_0|altsyncram_d0p1:auto_generated ;
+---------------------------------+--------------------+------+-----------------------------------------------------------------------------+
; Assignment                      ; Value              ; From ; To                                                                          ;
+---------------------------------+--------------------+------+-----------------------------------------------------------------------------+
; OPTIMIZE_POWER_DURING_SYNTHESIS ; NORMAL_COMPILATION ; -    ; -                                                                           ;
+---------------------------------+--------------------+------+-----------------------------------------------------------------------------+


+------------------------------------------------------------------------------------------------------------------------+
; Source assignments for dwt_2d_top:dwt_inst|dwt_2d_level:level_1|altsyncram:L_rows_rtl_0|altsyncram_79p1:auto_generated ;
+---------------------------------+--------------------+------+----------------------------------------------------------+
; Assignment                      ; Value              ; From ; To                                                       ;
+---------------------------------+--------------------+------+----------------------------------------------------------+
; OPTIMIZE_POWER_DURING_SYNTHESIS ; NORMAL_COMPILATION ; -    ; -                                                        ;
+---------------------------------+--------------------+------+----------------------------------------------------------+


+------------------------------------------------------------------------------------------------------------------------+
; Source assignments for dwt_2d_top:dwt_inst|dwt_2d_level:level_1|altsyncram:res_LL_rtl_0|altsyncram_n9p1:auto_generated ;
+---------------------------------+--------------------+------+----------------------------------------------------------+
; Assignment                      ; Value              ; From ; To                                                       ;
+---------------------------------+--------------------+------+----------------------------------------------------------+
; OPTIMIZE_POWER_DURING_SYNTHESIS ; NORMAL_COMPILATION ; -    ; -                                                        ;
+---------------------------------+--------------------+------+----------------------------------------------------------+


+-------------------------------------------------------------------------------------------------------------------------------------------+
; Source assignments for dwt_2d_top:dwt_inst|dwt_2d_level:level_1|dwt_1d_bior:u_dwt_a|altsyncram:x_buf_rtl_0|altsyncram_f0p1:auto_generated ;
+---------------------------------+--------------------+------+-----------------------------------------------------------------------------+
; Assignment                      ; Value              ; From ; To                                                                          ;
+---------------------------------+--------------------+------+-----------------------------------------------------------------------------+
; OPTIMIZE_POWER_DURING_SYNTHESIS ; NORMAL_COMPILATION ; -    ; -                                                                           ;
+---------------------------------+--------------------+------+-----------------------------------------------------------------------------+


+-----------------------------------------------------------------------------+
; Parameter Settings for User Entity Instance: Top-level Entity: |evaultr_top ;
+----------------+-------+----------------------------------------------------+
; Parameter Name ; Value ; Type                                               ;
+----------------+-------+----------------------------------------------------+
; PIXEL_W        ; 16    ; Signed Integer                                     ;
; AXI_ADDR_W     ; 12    ; Signed Integer                                     ;
; AXI_DATA_W     ; 32    ; Signed Integer                                     ;
+----------------+-------+----------------------------------------------------+
Note: In order to hide this table in the UI and the text report file, please set the "Show Parameter Settings in Synthesis Report" option in "Analysis and Synthesis Settings -> More Settings" to "Off".


+------------------------------------------------------------------+
; Parameter Settings for User Entity Instance: dwt_2d_top:dwt_inst ;
+----------------+-------+-----------------------------------------+
; Parameter Name ; Value ; Type                                    ;
+----------------+-------+-----------------------------------------+
; MAX_COLS       ; 64    ; Signed Integer                          ;
; MAX_ROWS       ; 64    ; Signed Integer                          ;
+----------------+-------+-----------------------------------------+
Note: In order to hide this table in the UI and the text report file, please set the "Show Parameter Settings in Synthesis Report" option in "Analysis and Synthesis Settings -> More Settings" to "Off".


+---------------------------------------------------------------------------------------+
; Parameter Settings for User Entity Instance: dwt_2d_top:dwt_inst|dwt_2d_level:level_1 ;
+----------------+-------+--------------------------------------------------------------+
; Parameter Name ; Value ; Type                                                         ;
+----------------+-------+--------------------------------------------------------------+
; MAX_ROWS       ; 64    ; Signed Integer                                               ;
; MAX_COLS       ; 64    ; Signed Integer                                               ;
+----------------+-------+--------------------------------------------------------------+
Note: In order to hide this table in the UI and the text report file, please set the "Show Parameter Settings in Synthesis Report" option in "Analysis and Synthesis Settings -> More Settings" to "Off".


+-----------------------------------------------------------------------------------------------------------+
; Parameter Settings for User Entity Instance: dwt_2d_top:dwt_inst|dwt_2d_level:level_1|dwt_1d_bior:u_dwt_a ;
+----------------+-------+----------------------------------------------------------------------------------+
; Parameter Name ; Value ; Type                                                                             ;
+----------------+-------+----------------------------------------------------------------------------------+
; Q_FRACT_W      ; 16    ; Signed Integer                                                                   ;
; IN_W           ; 32    ; Signed Integer                                                                   ;
; OUT_W          ; 32    ; Signed Integer                                                                   ;
; MAX_N          ; 64    ; Signed Integer                                                                   ;
+----------------+-------+----------------------------------------------------------------------------------+
Note: In order to hide this table in the UI and the text report file, please set the "Show Parameter Settings in Synthesis Report" option in "Analysis and Synthesis Settings -> More Settings" to "Off".


+-----------------------------------------------------------------------------------------------------------+
; Parameter Settings for User Entity Instance: dwt_2d_top:dwt_inst|dwt_2d_level:level_1|dwt_1d_bior:u_dwt_b ;
+----------------+-------+----------------------------------------------------------------------------------+
; Parameter Name ; Value ; Type                                                                             ;
+----------------+-------+----------------------------------------------------------------------------------+
; Q_FRACT_W      ; 16    ; Signed Integer                                                                   ;
; IN_W           ; 32    ; Signed Integer                                                                   ;
; OUT_W          ; 32    ; Signed Integer                                                                   ;
; MAX_N          ; 64    ; Signed Integer                                                                   ;
+----------------+-------+----------------------------------------------------------------------------------+
Note: In order to hide this table in the UI and the text report file, please set the "Show Parameter Settings in Synthesis Report" option in "Analysis and Synthesis Settings -> More Settings" to "Off".


+---------------------------------------------------------------------------------------+
; Parameter Settings for User Entity Instance: dwt_2d_top:dwt_inst|dwt_2d_level:level_2 ;
+----------------+-------+--------------------------------------------------------------+
; Parameter Name ; Value ; Type                                                         ;
+----------------+-------+--------------------------------------------------------------+
; MAX_ROWS       ; 36    ; Signed Integer                                               ;
; MAX_COLS       ; 36    ; Signed Integer                                               ;
+----------------+-------+--------------------------------------------------------------+
Note: In order to hide this table in the UI and the text report file, please set the "Show Parameter Settings in Synthesis Report" option in "Analysis and Synthesis Settings -> More Settings" to "Off".


+-----------------------------------------------------------------------------------------------------------+
; Parameter Settings for User Entity Instance: dwt_2d_top:dwt_inst|dwt_2d_level:level_2|dwt_1d_bior:u_dwt_a ;
+----------------+-------+----------------------------------------------------------------------------------+
; Parameter Name ; Value ; Type                                                                             ;
+----------------+-------+----------------------------------------------------------------------------------+
; Q_FRACT_W      ; 16    ; Signed Integer                                                                   ;
; IN_W           ; 32    ; Signed Integer                                                                   ;
; OUT_W          ; 32    ; Signed Integer                                                                   ;
; MAX_N          ; 36    ; Signed Integer                                                                   ;
+----------------+-------+----------------------------------------------------------------------------------+
Note: In order to hide this table in the UI and the text report file, please set the "Show Parameter Settings in Synthesis Report" option in "Analysis and Synthesis Settings -> More Settings" to "Off".


+-----------------------------------------------------------------------------------------------------------+
; Parameter Settings for User Entity Instance: dwt_2d_top:dwt_inst|dwt_2d_level:level_2|dwt_1d_bior:u_dwt_b ;
+----------------+-------+----------------------------------------------------------------------------------+
; Parameter Name ; Value ; Type                                                                             ;
+----------------+-------+----------------------------------------------------------------------------------+
; Q_FRACT_W      ; 16    ; Signed Integer                                                                   ;
; IN_W           ; 32    ; Signed Integer                                                                   ;
; OUT_W          ; 32    ; Signed Integer                                                                   ;
; MAX_N          ; 36    ; Signed Integer                                                                   ;
+----------------+-------+----------------------------------------------------------------------------------+
Note: In order to hide this table in the UI and the text report file, please set the "Show Parameter Settings in Synthesis Report" option in "Analysis and Synthesis Settings -> More Settings" to "Off".


+---------------------------------------------------------------------------------------+
; Parameter Settings for User Entity Instance: dwt_2d_top:dwt_inst|dwt_2d_level:level_3 ;
+----------------+-------+--------------------------------------------------------------+
; Parameter Name ; Value ; Type                                                         ;
+----------------+-------+--------------------------------------------------------------+
; MAX_ROWS       ; 22    ; Signed Integer                                               ;
; MAX_COLS       ; 22    ; Signed Integer                                               ;
+----------------+-------+--------------------------------------------------------------+
Note: In order to hide this table in the UI and the text report file, please set the "Show Parameter Settings in Synthesis Report" option in "Analysis and Synthesis Settings -> More Settings" to "Off".


+-----------------------------------------------------------------------------------------------------------+
; Parameter Settings for User Entity Instance: dwt_2d_top:dwt_inst|dwt_2d_level:level_3|dwt_1d_bior:u_dwt_a ;
+----------------+-------+----------------------------------------------------------------------------------+
; Parameter Name ; Value ; Type                                                                             ;
+----------------+-------+----------------------------------------------------------------------------------+
; Q_FRACT_W      ; 16    ; Signed Integer                                                                   ;
; IN_W           ; 32    ; Signed Integer                                                                   ;
; OUT_W          ; 32    ; Signed Integer                                                                   ;
; MAX_N          ; 22    ; Signed Integer                                                                   ;
+----------------+-------+----------------------------------------------------------------------------------+
Note: In order to hide this table in the UI and the text report file, please set the "Show Parameter Settings in Synthesis Report" option in "Analysis and Synthesis Settings -> More Settings" to "Off".


+-----------------------------------------------------------------------------------------------------------+
; Parameter Settings for User Entity Instance: dwt_2d_top:dwt_inst|dwt_2d_level:level_3|dwt_1d_bior:u_dwt_b ;
+----------------+-------+----------------------------------------------------------------------------------+
; Parameter Name ; Value ; Type                                                                             ;
+----------------+-------+----------------------------------------------------------------------------------+
; Q_FRACT_W      ; 16    ; Signed Integer                                                                   ;
; IN_W           ; 32    ; Signed Integer                                                                   ;
; OUT_W          ; 32    ; Signed Integer                                                                   ;
; MAX_N          ; 22    ; Signed Integer                                                                   ;
+----------------+-------+----------------------------------------------------------------------------------+
Note: In order to hide this table in the UI and the text report file, please set the "Show Parameter Settings in Synthesis Report" option in "Analysis and Synthesis Settings -> More Settings" to "Off".


+-------------------------------------------------------------------------------+
; Parameter Settings for User Entity Instance: science_guardrail:guardrail_inst ;
+----------------+-------+------------------------------------------------------+
; Parameter Name ; Value ; Type                                                 ;
+----------------+-------+------------------------------------------------------+
; PIXEL_W        ; 32    ; Signed Integer                                       ;
; LINE_COLS      ; 64    ; Signed Integer                                       ;
+----------------+-------+------------------------------------------------------+
Note: In order to hide this table in the UI and the text report file, please set the "Show Parameter Settings in Synthesis Report" option in "Analysis and Synthesis Settings -> More Settings" to "Off".


+-----------------------------------------------------------------------------------------------+
; Parameter Settings for User Entity Instance: science_guardrail:guardrail_inst|line_buffer:lb5 ;
+----------------+-------+----------------------------------------------------------------------+
; Parameter Name ; Value ; Type                                                                 ;
+----------------+-------+----------------------------------------------------------------------+
; PIXEL_W        ; 32    ; Signed Integer                                                       ;
; LINE_COLS      ; 64    ; Signed Integer                                                       ;
; NUM_LINES      ; 5     ; Signed Integer                                                       ;
+----------------+-------+----------------------------------------------------------------------+
Note: In order to hide this table in the UI and the text report file, please set the "Show Parameter Settings in Synthesis Report" option in "Analysis and Synthesis Settings -> More Settings" to "Off".


+-----------------------------------------------------------------------------------------------+
; Parameter Settings for Inferred Entity Instance: dwt_2d_top:dwt_inst|altsyncram:ll1_buf_rtl_0 ;
+------------------------------------+----------------------+-----------------------------------+
; Parameter Name                     ; Value                ; Type                              ;
+------------------------------------+----------------------+-----------------------------------+
; BYTE_SIZE_BLOCK                    ; 8                    ; Untyped                           ;
; AUTO_CARRY_CHAINS                  ; ON                   ; AUTO_CARRY                        ;
; IGNORE_CARRY_BUFFERS               ; OFF                  ; IGNORE_CARRY                      ;
; AUTO_CASCADE_CHAINS                ; ON                   ; AUTO_CASCADE                      ;
; IGNORE_CASCADE_BUFFERS             ; OFF                  ; IGNORE_CASCADE                    ;
; WIDTH_BYTEENA                      ; 1                    ; Untyped                           ;
; OPERATION_MODE                     ; DUAL_PORT            ; Untyped                           ;
; WIDTH_A                            ; 32                   ; Untyped                           ;
; WIDTHAD_A                          ; 11                   ; Untyped                           ;
; NUMWORDS_A                         ; 1296                 ; Untyped                           ;
; OUTDATA_REG_A                      ; UNREGISTERED         ; Untyped                           ;
; ADDRESS_ACLR_A                     ; NONE                 ; Untyped                           ;
; OUTDATA_ACLR_A                     ; NONE                 ; Untyped                           ;
; WRCONTROL_ACLR_A                   ; NONE                 ; Untyped                           ;
; INDATA_ACLR_A                      ; NONE                 ; Untyped                           ;
; BYTEENA_ACLR_A                     ; NONE                 ; Untyped                           ;
; WIDTH_B                            ; 32                   ; Untyped                           ;
; WIDTHAD_B                          ; 11                   ; Untyped                           ;
; NUMWORDS_B                         ; 1296                 ; Untyped                           ;
; INDATA_REG_B                       ; CLOCK1               ; Untyped                           ;
; WRCONTROL_WRADDRESS_REG_B          ; CLOCK1               ; Untyped                           ;
; RDCONTROL_REG_B                    ; CLOCK1               ; Untyped                           ;
; ADDRESS_REG_B                      ; CLOCK0               ; Untyped                           ;
; OUTDATA_REG_B                      ; UNREGISTERED         ; Untyped                           ;
; BYTEENA_REG_B                      ; CLOCK1               ; Untyped                           ;
; INDATA_ACLR_B                      ; NONE                 ; Untyped                           ;
; WRCONTROL_ACLR_B                   ; NONE                 ; Untyped                           ;
; ADDRESS_ACLR_B                     ; NONE                 ; Untyped                           ;
; OUTDATA_ACLR_B                     ; NONE                 ; Untyped                           ;
; RDCONTROL_ACLR_B                   ; NONE                 ; Untyped                           ;
; BYTEENA_ACLR_B                     ; NONE                 ; Untyped                           ;
; WIDTH_BYTEENA_A                    ; 1                    ; Untyped                           ;
; WIDTH_BYTEENA_B                    ; 1                    ; Untyped                           ;
; RAM_BLOCK_TYPE                     ; M10K                 ; Untyped                           ;
; BYTE_SIZE                          ; 8                    ; Untyped                           ;
; READ_DURING_WRITE_MODE_MIXED_PORTS ; OLD_DATA             ; Untyped                           ;
; READ_DURING_WRITE_MODE_PORT_A      ; NEW_DATA_NO_NBE_READ ; Untyped                           ;
; READ_DURING_WRITE_MODE_PORT_B      ; NEW_DATA_NO_NBE_READ ; Untyped                           ;
; INIT_FILE                          ; UNUSED               ; Untyped                           ;
; INIT_FILE_LAYOUT                   ; PORT_A               ; Untyped                           ;
; MAXIMUM_DEPTH                      ; 0                    ; Untyped                           ;
; CLOCK_ENABLE_INPUT_A               ; NORMAL               ; Untyped                           ;
; CLOCK_ENABLE_INPUT_B               ; NORMAL               ; Untyped                           ;
; CLOCK_ENABLE_OUTPUT_A              ; NORMAL               ; Untyped                           ;
; CLOCK_ENABLE_OUTPUT_B              ; NORMAL               ; Untyped                           ;
; CLOCK_ENABLE_CORE_A                ; USE_INPUT_CLKEN      ; Untyped                           ;
; CLOCK_ENABLE_CORE_B                ; USE_INPUT_CLKEN      ; Untyped                           ;
; ENABLE_ECC                         ; FALSE                ; Untyped                           ;
; ECC_PIPELINE_STAGE_ENABLED         ; FALSE                ; Untyped                           ;
; WIDTH_ECCSTATUS                    ; 3                    ; Untyped                           ;
; DEVICE_FAMILY                      ; Cyclone V            ; Untyped                           ;
; CBXI_PARAMETER                     ; altsyncram_n9p1      ; Untyped                           ;
+------------------------------------+----------------------+-----------------------------------+
Note: In order to hide this table in the UI and the text report file, please set the "Show Parameter Settings in Synthesis Report" option in "Analysis and Synthesis Settings -> More Settings" to "Off".


+-----------------------------------------------------------------------------------------------+
; Parameter Settings for Inferred Entity Instance: dwt_2d_top:dwt_inst|altsyncram:ll2_buf_rtl_0 ;
+------------------------------------+----------------------+-----------------------------------+
; Parameter Name                     ; Value                ; Type                              ;
+------------------------------------+----------------------+-----------------------------------+
; BYTE_SIZE_BLOCK                    ; 8                    ; Untyped                           ;
; AUTO_CARRY_CHAINS                  ; ON                   ; AUTO_CARRY                        ;
; IGNORE_CARRY_BUFFERS               ; OFF                  ; IGNORE_CARRY                      ;
; AUTO_CASCADE_CHAINS                ; ON                   ; AUTO_CASCADE                      ;
; IGNORE_CASCADE_BUFFERS             ; OFF                  ; IGNORE_CASCADE                    ;
; WIDTH_BYTEENA                      ; 1                    ; Untyped                           ;
; OPERATION_MODE                     ; DUAL_PORT            ; Untyped                           ;
; WIDTH_A                            ; 32                   ; Untyped                           ;
; WIDTHAD_A                          ; 9                    ; Untyped                           ;
; NUMWORDS_A                         ; 484                  ; Untyped                           ;
; OUTDATA_REG_A                      ; UNREGISTERED         ; Untyped                           ;
; ADDRESS_ACLR_A                     ; NONE                 ; Untyped                           ;
; OUTDATA_ACLR_A                     ; NONE                 ; Untyped                           ;
; WRCONTROL_ACLR_A                   ; NONE                 ; Untyped                           ;
; INDATA_ACLR_A                      ; NONE                 ; Untyped                           ;
; BYTEENA_ACLR_A                     ; NONE                 ; Untyped                           ;
; WIDTH_B                            ; 32                   ; Untyped                           ;
; WIDTHAD_B                          ; 9                    ; Untyped                           ;
; NUMWORDS_B                         ; 484                  ; Untyped                           ;
; INDATA_REG_B                       ; CLOCK1               ; Untyped                           ;
; WRCONTROL_WRADDRESS_REG_B          ; CLOCK1               ; Untyped                           ;
; RDCONTROL_REG_B                    ; CLOCK1               ; Untyped                           ;
; ADDRESS_REG_B                      ; CLOCK0               ; Untyped                           ;
; OUTDATA_REG_B                      ; UNREGISTERED         ; Untyped                           ;
; BYTEENA_REG_B                      ; CLOCK1               ; Untyped                           ;
; INDATA_ACLR_B                      ; NONE                 ; Untyped                           ;
; WRCONTROL_ACLR_B                   ; NONE                 ; Untyped                           ;
; ADDRESS_ACLR_B                     ; NONE                 ; Untyped                           ;
; OUTDATA_ACLR_B                     ; NONE                 ; Untyped                           ;
; RDCONTROL_ACLR_B                   ; NONE                 ; Untyped                           ;
; BYTEENA_ACLR_B                     ; NONE                 ; Untyped                           ;
; WIDTH_BYTEENA_A                    ; 1                    ; Untyped                           ;
; WIDTH_BYTEENA_B                    ; 1                    ; Untyped                           ;
; RAM_BLOCK_TYPE                     ; M10K                 ; Untyped                           ;
; BYTE_SIZE                          ; 8                    ; Untyped                           ;
; READ_DURING_WRITE_MODE_MIXED_PORTS ; OLD_DATA             ; Untyped                           ;
; READ_DURING_WRITE_MODE_PORT_A      ; NEW_DATA_NO_NBE_READ ; Untyped                           ;
; READ_DURING_WRITE_MODE_PORT_B      ; NEW_DATA_NO_NBE_READ ; Untyped                           ;
; INIT_FILE                          ; UNUSED               ; Untyped                           ;
; INIT_FILE_LAYOUT                   ; PORT_A               ; Untyped                           ;
; MAXIMUM_DEPTH                      ; 0                    ; Untyped                           ;
; CLOCK_ENABLE_INPUT_A               ; NORMAL               ; Untyped                           ;
; CLOCK_ENABLE_INPUT_B               ; NORMAL               ; Untyped                           ;
; CLOCK_ENABLE_OUTPUT_A              ; NORMAL               ; Untyped                           ;
; CLOCK_ENABLE_OUTPUT_B              ; NORMAL               ; Untyped                           ;
; CLOCK_ENABLE_CORE_A                ; USE_INPUT_CLKEN      ; Untyped                           ;
; CLOCK_ENABLE_CORE_B                ; USE_INPUT_CLKEN      ; Untyped                           ;
; ENABLE_ECC                         ; FALSE                ; Untyped                           ;
; ECC_PIPELINE_STAGE_ENABLED         ; FALSE                ; Untyped                           ;
; WIDTH_ECCSTATUS                    ; 3                    ; Untyped                           ;
; DEVICE_FAMILY                      ; Cyclone V            ; Untyped                           ;
; CBXI_PARAMETER                     ; altsyncram_14p1      ; Untyped                           ;
+------------------------------------+----------------------+-----------------------------------+
Note: In order to hide this table in the UI and the text report file, please set the "Show Parameter Settings in Synthesis Report" option in "Analysis and Synthesis Settings -> More Settings" to "Off".


+-------------------------------------------------------------------------------------------------------------------+
; Parameter Settings for Inferred Entity Instance: dwt_2d_top:dwt_inst|dwt_2d_level:level_3|altsyncram:L_rows_rtl_0 ;
+------------------------------------+----------------------+-------------------------------------------------------+
; Parameter Name                     ; Value                ; Type                                                  ;
+------------------------------------+----------------------+-------------------------------------------------------+
; BYTE_SIZE_BLOCK                    ; 8                    ; Untyped                                               ;
; AUTO_CARRY_CHAINS                  ; ON                   ; AUTO_CARRY                                            ;
; IGNORE_CARRY_BUFFERS               ; OFF                  ; IGNORE_CARRY                                          ;
; AUTO_CASCADE_CHAINS                ; ON                   ; AUTO_CASCADE                                          ;
; IGNORE_CASCADE_BUFFERS             ; OFF                  ; IGNORE_CASCADE                                        ;
; WIDTH_BYTEENA                      ; 1                    ; Untyped                                               ;
; OPERATION_MODE                     ; DUAL_PORT            ; Untyped                                               ;
; WIDTH_A                            ; 32                   ; Untyped                                               ;
; WIDTHAD_A                          ; 9                    ; Untyped                                               ;
; NUMWORDS_A                         ; 330                  ; Untyped                                               ;
; OUTDATA_REG_A                      ; UNREGISTERED         ; Untyped                                               ;
; ADDRESS_ACLR_A                     ; NONE                 ; Untyped                                               ;
; OUTDATA_ACLR_A                     ; NONE                 ; Untyped                                               ;
; WRCONTROL_ACLR_A                   ; NONE                 ; Untyped                                               ;
; INDATA_ACLR_A                      ; NONE                 ; Untyped                                               ;
; BYTEENA_ACLR_A                     ; NONE                 ; Untyped                                               ;
; WIDTH_B                            ; 32                   ; Untyped                                               ;
; WIDTHAD_B                          ; 9                    ; Untyped                                               ;
; NUMWORDS_B                         ; 330                  ; Untyped                                               ;
; INDATA_REG_B                       ; CLOCK1               ; Untyped                                               ;
; WRCONTROL_WRADDRESS_REG_B          ; CLOCK1               ; Untyped                                               ;
; RDCONTROL_REG_B                    ; CLOCK1               ; Untyped                                               ;
; ADDRESS_REG_B                      ; CLOCK0               ; Untyped                                               ;
; OUTDATA_REG_B                      ; UNREGISTERED         ; Untyped                                               ;
; BYTEENA_REG_B                      ; CLOCK1               ; Untyped                                               ;
; INDATA_ACLR_B                      ; NONE                 ; Untyped                                               ;
; WRCONTROL_ACLR_B                   ; NONE                 ; Untyped                                               ;
; ADDRESS_ACLR_B                     ; NONE                 ; Untyped                                               ;
; OUTDATA_ACLR_B                     ; NONE                 ; Untyped                                               ;
; RDCONTROL_ACLR_B                   ; NONE                 ; Untyped                                               ;
; BYTEENA_ACLR_B                     ; NONE                 ; Untyped                                               ;
; WIDTH_BYTEENA_A                    ; 1                    ; Untyped                                               ;
; WIDTH_BYTEENA_B                    ; 1                    ; Untyped                                               ;
; RAM_BLOCK_TYPE                     ; M10K                 ; Untyped                                               ;
; BYTE_SIZE                          ; 8                    ; Untyped                                               ;
; READ_DURING_WRITE_MODE_MIXED_PORTS ; OLD_DATA             ; Untyped                                               ;
; READ_DURING_WRITE_MODE_PORT_A      ; NEW_DATA_NO_NBE_READ ; Untyped                                               ;
; READ_DURING_WRITE_MODE_PORT_B      ; NEW_DATA_NO_NBE_READ ; Untyped                                               ;
; INIT_FILE                          ; UNUSED               ; Untyped                                               ;
; INIT_FILE_LAYOUT                   ; PORT_A               ; Untyped                                               ;
; MAXIMUM_DEPTH                      ; 0                    ; Untyped                                               ;
; CLOCK_ENABLE_INPUT_A               ; NORMAL               ; Untyped                                               ;
; CLOCK_ENABLE_INPUT_B               ; NORMAL               ; Untyped                                               ;
; CLOCK_ENABLE_OUTPUT_A              ; NORMAL               ; Untyped                                               ;
; CLOCK_ENABLE_OUTPUT_B              ; NORMAL               ; Untyped                                               ;
; CLOCK_ENABLE_CORE_A                ; USE_INPUT_CLKEN      ; Untyped                                               ;
; CLOCK_ENABLE_CORE_B                ; USE_INPUT_CLKEN      ; Untyped                                               ;
; ENABLE_ECC                         ; FALSE                ; Untyped                                               ;
; ECC_PIPELINE_STAGE_ENABLED         ; FALSE                ; Untyped                                               ;
; WIDTH_ECCSTATUS                    ; 3                    ; Untyped                                               ;
; DEVICE_FAMILY                      ; Cyclone V            ; Untyped                                               ;
; CBXI_PARAMETER                     ; altsyncram_d3p1      ; Untyped                                               ;
+------------------------------------+----------------------+-------------------------------------------------------+
Note: In order to hide this table in the UI and the text report file, please set the "Show Parameter Settings in Synthesis Report" option in "Analysis and Synthesis Settings -> More Settings" to "Off".


+-------------------------------------------------------------------------------------------------------------------+
; Parameter Settings for Inferred Entity Instance: dwt_2d_top:dwt_inst|dwt_2d_level:level_3|altsyncram:res_LL_rtl_0 ;
+------------------------------------+----------------------+-------------------------------------------------------+
; Parameter Name                     ; Value                ; Type                                                  ;
+------------------------------------+----------------------+-------------------------------------------------------+
; BYTE_SIZE_BLOCK                    ; 8                    ; Untyped                                               ;
; AUTO_CARRY_CHAINS                  ; ON                   ; AUTO_CARRY                                            ;
; IGNORE_CARRY_BUFFERS               ; OFF                  ; IGNORE_CARRY                                          ;
; AUTO_CASCADE_CHAINS                ; ON                   ; AUTO_CASCADE                                          ;
; IGNORE_CASCADE_BUFFERS             ; OFF                  ; IGNORE_CASCADE                                        ;
; WIDTH_BYTEENA                      ; 1                    ; Untyped                                               ;
; OPERATION_MODE                     ; DUAL_PORT            ; Untyped                                               ;
; WIDTH_A                            ; 32                   ; Untyped                                               ;
; WIDTHAD_A                          ; 8                    ; Untyped                                               ;
; NUMWORDS_A                         ; 225                  ; Untyped                                               ;
; OUTDATA_REG_A                      ; UNREGISTERED         ; Untyped                                               ;
; ADDRESS_ACLR_A                     ; NONE                 ; Untyped                                               ;
; OUTDATA_ACLR_A                     ; NONE                 ; Untyped                                               ;
; WRCONTROL_ACLR_A                   ; NONE                 ; Untyped                                               ;
; INDATA_ACLR_A                      ; NONE                 ; Untyped                                               ;
; BYTEENA_ACLR_A                     ; NONE                 ; Untyped                                               ;
; WIDTH_B                            ; 32                   ; Untyped                                               ;
; WIDTHAD_B                          ; 8                    ; Untyped                                               ;
; NUMWORDS_B                         ; 225                  ; Untyped                                               ;
; INDATA_REG_B                       ; CLOCK1               ; Untyped                                               ;
; WRCONTROL_WRADDRESS_REG_B          ; CLOCK1               ; Untyped                                               ;
; RDCONTROL_REG_B                    ; CLOCK1               ; Untyped                                               ;
; ADDRESS_REG_B                      ; CLOCK0               ; Untyped                                               ;
; OUTDATA_REG_B                      ; UNREGISTERED         ; Untyped                                               ;
; BYTEENA_REG_B                      ; CLOCK1               ; Untyped                                               ;
; INDATA_ACLR_B                      ; NONE                 ; Untyped                                               ;
; WRCONTROL_ACLR_B                   ; NONE                 ; Untyped                                               ;
; ADDRESS_ACLR_B                     ; NONE                 ; Untyped                                               ;
; OUTDATA_ACLR_B                     ; NONE                 ; Untyped                                               ;
; RDCONTROL_ACLR_B                   ; NONE                 ; Untyped                                               ;
; BYTEENA_ACLR_B                     ; NONE                 ; Untyped                                               ;
; WIDTH_BYTEENA_A                    ; 1                    ; Untyped                                               ;
; WIDTH_BYTEENA_B                    ; 1                    ; Untyped                                               ;
; RAM_BLOCK_TYPE                     ; M10K                 ; Untyped                                               ;
; BYTE_SIZE                          ; 8                    ; Untyped                                               ;
; READ_DURING_WRITE_MODE_MIXED_PORTS ; OLD_DATA             ; Untyped                                               ;
; READ_DURING_WRITE_MODE_PORT_A      ; NEW_DATA_NO_NBE_READ ; Untyped                                               ;
; READ_DURING_WRITE_MODE_PORT_B      ; NEW_DATA_NO_NBE_READ ; Untyped                                               ;
; INIT_FILE                          ; UNUSED               ; Untyped                                               ;
; INIT_FILE_LAYOUT                   ; PORT_A               ; Untyped                                               ;
; MAXIMUM_DEPTH                      ; 0                    ; Untyped                                               ;
; CLOCK_ENABLE_INPUT_A               ; NORMAL               ; Untyped                                               ;
; CLOCK_ENABLE_INPUT_B               ; NORMAL               ; Untyped                                               ;
; CLOCK_ENABLE_OUTPUT_A              ; NORMAL               ; Untyped                                               ;
; CLOCK_ENABLE_OUTPUT_B              ; NORMAL               ; Untyped                                               ;
; CLOCK_ENABLE_CORE_A                ; USE_INPUT_CLKEN      ; Untyped                                               ;
; CLOCK_ENABLE_CORE_B                ; USE_INPUT_CLKEN      ; Untyped                                               ;
; ENABLE_ECC                         ; FALSE                ; Untyped                                               ;
; ECC_PIPELINE_STAGE_ENABLED         ; FALSE                ; Untyped                                               ;
; WIDTH_ECCSTATUS                    ; 3                    ; Untyped                                               ;
; DEVICE_FAMILY                      ; Cyclone V            ; Untyped                                               ;
; CBXI_PARAMETER                     ; altsyncram_h3p1      ; Untyped                                               ;
+------------------------------------+----------------------+-------------------------------------------------------+
Note: In order to hide this table in the UI and the text report file, please set the "Show Parameter Settings in Synthesis Report" option in "Analysis and Synthesis Settings -> More Settings" to "Off".


+--------------------------------------------------------------------------------------------------------------------------------------+
; Parameter Settings for Inferred Entity Instance: dwt_2d_top:dwt_inst|dwt_2d_level:level_3|dwt_1d_bior:u_dwt_a|altsyncram:x_buf_rtl_0 ;
+------------------------------------+----------------------+--------------------------------------------------------------------------+
; Parameter Name                     ; Value                ; Type                                                                     ;
+------------------------------------+----------------------+--------------------------------------------------------------------------+
; BYTE_SIZE_BLOCK                    ; 8                    ; Untyped                                                                  ;
; AUTO_CARRY_CHAINS                  ; ON                   ; AUTO_CARRY                                                               ;
; IGNORE_CARRY_BUFFERS               ; OFF                  ; IGNORE_CARRY                                                             ;
; AUTO_CASCADE_CHAINS                ; ON                   ; AUTO_CASCADE                                                             ;
; IGNORE_CASCADE_BUFFERS             ; OFF                  ; IGNORE_CASCADE                                                           ;
; WIDTH_BYTEENA                      ; 1                    ; Untyped                                                                  ;
; OPERATION_MODE                     ; DUAL_PORT            ; Untyped                                                                  ;
; WIDTH_A                            ; 32                   ; Untyped                                                                  ;
; WIDTHAD_A                          ; 5                    ; Untyped                                                                  ;
; NUMWORDS_A                         ; 22                   ; Untyped                                                                  ;
; OUTDATA_REG_A                      ; UNREGISTERED         ; Untyped                                                                  ;
; ADDRESS_ACLR_A                     ; NONE                 ; Untyped                                                                  ;
; OUTDATA_ACLR_A                     ; NONE                 ; Untyped                                                                  ;
; WRCONTROL_ACLR_A                   ; NONE                 ; Untyped                                                                  ;
; INDATA_ACLR_A                      ; NONE                 ; Untyped                                                                  ;
; BYTEENA_ACLR_A                     ; NONE                 ; Untyped                                                                  ;
; WIDTH_B                            ; 32                   ; Untyped                                                                  ;
; WIDTHAD_B                          ; 5                    ; Untyped                                                                  ;
; NUMWORDS_B                         ; 22                   ; Untyped                                                                  ;
; INDATA_REG_B                       ; CLOCK1               ; Untyped                                                                  ;
; WRCONTROL_WRADDRESS_REG_B          ; CLOCK1               ; Untyped                                                                  ;
; RDCONTROL_REG_B                    ; CLOCK1               ; Untyped                                                                  ;
; ADDRESS_REG_B                      ; CLOCK0               ; Untyped                                                                  ;
; OUTDATA_REG_B                      ; UNREGISTERED         ; Untyped                                                                  ;
; BYTEENA_REG_B                      ; CLOCK1               ; Untyped                                                                  ;
; INDATA_ACLR_B                      ; NONE                 ; Untyped                                                                  ;
; WRCONTROL_ACLR_B                   ; NONE                 ; Untyped                                                                  ;
; ADDRESS_ACLR_B                     ; NONE                 ; Untyped                                                                  ;
; OUTDATA_ACLR_B                     ; NONE                 ; Untyped                                                                  ;
; RDCONTROL_ACLR_B                   ; NONE                 ; Untyped                                                                  ;
; BYTEENA_ACLR_B                     ; NONE                 ; Untyped                                                                  ;
; WIDTH_BYTEENA_A                    ; 1                    ; Untyped                                                                  ;
; WIDTH_BYTEENA_B                    ; 1                    ; Untyped                                                                  ;
; RAM_BLOCK_TYPE                     ; M10K                 ; Untyped                                                                  ;
; BYTE_SIZE                          ; 8                    ; Untyped                                                                  ;
; READ_DURING_WRITE_MODE_MIXED_PORTS ; OLD_DATA             ; Untyped                                                                  ;
; READ_DURING_WRITE_MODE_PORT_A      ; NEW_DATA_NO_NBE_READ ; Untyped                                                                  ;
; READ_DURING_WRITE_MODE_PORT_B      ; NEW_DATA_NO_NBE_READ ; Untyped                                                                  ;
; INIT_FILE                          ; UNUSED               ; Untyped                                                                  ;
; INIT_FILE_LAYOUT                   ; PORT_A               ; Untyped                                                                  ;
; MAXIMUM_DEPTH                      ; 0                    ; Untyped                                                                  ;
; CLOCK_ENABLE_INPUT_A               ; NORMAL               ; Untyped                                                                  ;
; CLOCK_ENABLE_INPUT_B               ; NORMAL               ; Untyped                                                                  ;
; CLOCK_ENABLE_OUTPUT_A              ; NORMAL               ; Untyped                                                                  ;
; CLOCK_ENABLE_OUTPUT_B              ; NORMAL               ; Untyped                                                                  ;
; CLOCK_ENABLE_CORE_A                ; USE_INPUT_CLKEN      ; Untyped                                                                  ;
; CLOCK_ENABLE_CORE_B                ; USE_INPUT_CLKEN      ; Untyped                                                                  ;
; ENABLE_ECC                         ; FALSE                ; Untyped                                                                  ;
; ECC_PIPELINE_STAGE_ENABLED         ; FALSE                ; Untyped                                                                  ;
; WIDTH_ECCSTATUS                    ; 3                    ; Untyped                                                                  ;
; DEVICE_FAMILY                      ; Cyclone V            ; Untyped                                                                  ;
; CBXI_PARAMETER                     ; altsyncram_10p1      ; Untyped                                                                  ;
+------------------------------------+----------------------+--------------------------------------------------------------------------+
Note: In order to hide this table in the UI and the text report file, please set the "Show Parameter Settings in Synthesis Report" option in "Analysis and Synthesis Settings -> More Settings" to "Off".


+-------------------------------------------------------------------------------------------------------------------+
; Parameter Settings for Inferred Entity Instance: dwt_2d_top:dwt_inst|dwt_2d_level:level_2|altsyncram:L_rows_rtl_0 ;
+------------------------------------+----------------------+-------------------------------------------------------+
; Parameter Name                     ; Value                ; Type                                                  ;
+------------------------------------+----------------------+-------------------------------------------------------+
; BYTE_SIZE_BLOCK                    ; 8                    ; Untyped                                               ;
; AUTO_CARRY_CHAINS                  ; ON                   ; AUTO_CARRY                                            ;
; IGNORE_CARRY_BUFFERS               ; OFF                  ; IGNORE_CARRY                                          ;
; AUTO_CASCADE_CHAINS                ; ON                   ; AUTO_CASCADE                                          ;
; IGNORE_CASCADE_BUFFERS             ; OFF                  ; IGNORE_CASCADE                                        ;
; WIDTH_BYTEENA                      ; 1                    ; Untyped                                               ;
; OPERATION_MODE                     ; DUAL_PORT            ; Untyped                                               ;
; WIDTH_A                            ; 32                   ; Untyped                                               ;
; WIDTHAD_A                          ; 10                   ; Untyped                                               ;
; NUMWORDS_A                         ; 792                  ; Untyped                                               ;
; OUTDATA_REG_A                      ; UNREGISTERED         ; Untyped                                               ;
; ADDRESS_ACLR_A                     ; NONE                 ; Untyped                                               ;
; OUTDATA_ACLR_A                     ; NONE                 ; Untyped                                               ;
; WRCONTROL_ACLR_A                   ; NONE                 ; Untyped                                               ;
; INDATA_ACLR_A                      ; NONE                 ; Untyped                                               ;
; BYTEENA_ACLR_A                     ; NONE                 ; Untyped                                               ;
; WIDTH_B                            ; 32                   ; Untyped                                               ;
; WIDTHAD_B                          ; 10                   ; Untyped                                               ;
; NUMWORDS_B                         ; 792                  ; Untyped                                               ;
; INDATA_REG_B                       ; CLOCK1               ; Untyped                                               ;
; WRCONTROL_WRADDRESS_REG_B          ; CLOCK1               ; Untyped                                               ;
; RDCONTROL_REG_B                    ; CLOCK1               ; Untyped                                               ;
; ADDRESS_REG_B                      ; CLOCK0               ; Untyped                                               ;
; OUTDATA_REG_B                      ; UNREGISTERED         ; Untyped                                               ;
; BYTEENA_REG_B                      ; CLOCK1               ; Untyped                                               ;
; INDATA_ACLR_B                      ; NONE                 ; Untyped                                               ;
; WRCONTROL_ACLR_B                   ; NONE                 ; Untyped                                               ;
; ADDRESS_ACLR_B                     ; NONE                 ; Untyped                                               ;
; OUTDATA_ACLR_B                     ; NONE                 ; Untyped                                               ;
; RDCONTROL_ACLR_B                   ; NONE                 ; Untyped                                               ;
; BYTEENA_ACLR_B                     ; NONE                 ; Untyped                                               ;
; WIDTH_BYTEENA_A                    ; 1                    ; Untyped                                               ;
; WIDTH_BYTEENA_B                    ; 1                    ; Untyped                                               ;
; RAM_BLOCK_TYPE                     ; M10K                 ; Untyped                                               ;
; BYTE_SIZE                          ; 8                    ; Untyped                                               ;
; READ_DURING_WRITE_MODE_MIXED_PORTS ; OLD_DATA             ; Untyped                                               ;
; READ_DURING_WRITE_MODE_PORT_A      ; NEW_DATA_NO_NBE_READ ; Untyped                                               ;
; READ_DURING_WRITE_MODE_PORT_B      ; NEW_DATA_NO_NBE_READ ; Untyped                                               ;
; INIT_FILE                          ; UNUSED               ; Untyped                                               ;
; INIT_FILE_LAYOUT                   ; PORT_A               ; Untyped                                               ;
; MAXIMUM_DEPTH                      ; 0                    ; Untyped                                               ;
; CLOCK_ENABLE_INPUT_A               ; NORMAL               ; Untyped                                               ;
; CLOCK_ENABLE_INPUT_B               ; NORMAL               ; Untyped                                               ;
; CLOCK_ENABLE_OUTPUT_A              ; NORMAL               ; Untyped                                               ;
; CLOCK_ENABLE_OUTPUT_B              ; NORMAL               ; Untyped                                               ;
; CLOCK_ENABLE_CORE_A                ; USE_INPUT_CLKEN      ; Untyped                                               ;
; CLOCK_ENABLE_CORE_B                ; USE_INPUT_CLKEN      ; Untyped                                               ;
; ENABLE_ECC                         ; FALSE                ; Untyped                                               ;
; ECC_PIPELINE_STAGE_ENABLED         ; FALSE                ; Untyped                                               ;
; WIDTH_ECCSTATUS                    ; 3                    ; Untyped                                               ;
; DEVICE_FAMILY                      ; Cyclone V            ; Untyped                                               ;
; CBXI_PARAMETER                     ; altsyncram_l6p1      ; Untyped                                               ;
+------------------------------------+----------------------+-------------------------------------------------------+
Note: In order to hide this table in the UI and the text report file, please set the "Show Parameter Settings in Synthesis Report" option in "Analysis and Synthesis Settings -> More Settings" to "Off".


+-------------------------------------------------------------------------------------------------------------------+
; Parameter Settings for Inferred Entity Instance: dwt_2d_top:dwt_inst|dwt_2d_level:level_2|altsyncram:res_LL_rtl_0 ;
+------------------------------------+----------------------+-------------------------------------------------------+
; Parameter Name                     ; Value                ; Type                                                  ;
+------------------------------------+----------------------+-------------------------------------------------------+
; BYTE_SIZE_BLOCK                    ; 8                    ; Untyped                                               ;
; AUTO_CARRY_CHAINS                  ; ON                   ; AUTO_CARRY                                            ;
; IGNORE_CARRY_BUFFERS               ; OFF                  ; IGNORE_CARRY                                          ;
; AUTO_CASCADE_CHAINS                ; ON                   ; AUTO_CASCADE                                          ;
; IGNORE_CASCADE_BUFFERS             ; OFF                  ; IGNORE_CASCADE                                        ;
; WIDTH_BYTEENA                      ; 1                    ; Untyped                                               ;
; OPERATION_MODE                     ; DUAL_PORT            ; Untyped                                               ;
; WIDTH_A                            ; 32                   ; Untyped                                               ;
; WIDTHAD_A                          ; 9                    ; Untyped                                               ;
; NUMWORDS_A                         ; 484                  ; Untyped                                               ;
; OUTDATA_REG_A                      ; UNREGISTERED         ; Untyped                                               ;
; ADDRESS_ACLR_A                     ; NONE                 ; Untyped                                               ;
; OUTDATA_ACLR_A                     ; NONE                 ; Untyped                                               ;
; WRCONTROL_ACLR_A                   ; NONE                 ; Untyped                                               ;
; INDATA_ACLR_A                      ; NONE                 ; Untyped                                               ;
; BYTEENA_ACLR_A                     ; NONE                 ; Untyped                                               ;
; WIDTH_B                            ; 32                   ; Untyped                                               ;
; WIDTHAD_B                          ; 9                    ; Untyped                                               ;
; NUMWORDS_B                         ; 484                  ; Untyped                                               ;
; INDATA_REG_B                       ; CLOCK1               ; Untyped                                               ;
; WRCONTROL_WRADDRESS_REG_B          ; CLOCK1               ; Untyped                                               ;
; RDCONTROL_REG_B                    ; CLOCK1               ; Untyped                                               ;
; ADDRESS_REG_B                      ; CLOCK0               ; Untyped                                               ;
; OUTDATA_REG_B                      ; UNREGISTERED         ; Untyped                                               ;
; BYTEENA_REG_B                      ; CLOCK1               ; Untyped                                               ;
; INDATA_ACLR_B                      ; NONE                 ; Untyped                                               ;
; WRCONTROL_ACLR_B                   ; NONE                 ; Untyped                                               ;
; ADDRESS_ACLR_B                     ; NONE                 ; Untyped                                               ;
; OUTDATA_ACLR_B                     ; NONE                 ; Untyped                                               ;
; RDCONTROL_ACLR_B                   ; NONE                 ; Untyped                                               ;
; BYTEENA_ACLR_B                     ; NONE                 ; Untyped                                               ;
; WIDTH_BYTEENA_A                    ; 1                    ; Untyped                                               ;
; WIDTH_BYTEENA_B                    ; 1                    ; Untyped                                               ;
; RAM_BLOCK_TYPE                     ; M10K                 ; Untyped                                               ;
; BYTE_SIZE                          ; 8                    ; Untyped                                               ;
; READ_DURING_WRITE_MODE_MIXED_PORTS ; OLD_DATA             ; Untyped                                               ;
; READ_DURING_WRITE_MODE_PORT_A      ; NEW_DATA_NO_NBE_READ ; Untyped                                               ;
; READ_DURING_WRITE_MODE_PORT_B      ; NEW_DATA_NO_NBE_READ ; Untyped                                               ;
; INIT_FILE                          ; UNUSED               ; Untyped                                               ;
; INIT_FILE_LAYOUT                   ; PORT_A               ; Untyped                                               ;
; MAXIMUM_DEPTH                      ; 0                    ; Untyped                                               ;
; CLOCK_ENABLE_INPUT_A               ; NORMAL               ; Untyped                                               ;
; CLOCK_ENABLE_INPUT_B               ; NORMAL               ; Untyped                                               ;
; CLOCK_ENABLE_OUTPUT_A              ; NORMAL               ; Untyped                                               ;
; CLOCK_ENABLE_OUTPUT_B              ; NORMAL               ; Untyped                                               ;
; CLOCK_ENABLE_CORE_A                ; USE_INPUT_CLKEN      ; Untyped                                               ;
; CLOCK_ENABLE_CORE_B                ; USE_INPUT_CLKEN      ; Untyped                                               ;
; ENABLE_ECC                         ; FALSE                ; Untyped                                               ;
; ECC_PIPELINE_STAGE_ENABLED         ; FALSE                ; Untyped                                               ;
; WIDTH_ECCSTATUS                    ; 3                    ; Untyped                                               ;
; DEVICE_FAMILY                      ; Cyclone V            ; Untyped                                               ;
; CBXI_PARAMETER                     ; altsyncram_14p1      ; Untyped                                               ;
+------------------------------------+----------------------+-------------------------------------------------------+
Note: In order to hide this table in the UI and the text report file, please set the "Show Parameter Settings in Synthesis Report" option in "Analysis and Synthesis Settings -> More Settings" to "Off".


+--------------------------------------------------------------------------------------------------------------------------------------+
; Parameter Settings for Inferred Entity Instance: dwt_2d_top:dwt_inst|dwt_2d_level:level_2|dwt_1d_bior:u_dwt_a|altsyncram:x_buf_rtl_0 ;
+------------------------------------+----------------------+--------------------------------------------------------------------------+
; Parameter Name                     ; Value                ; Type                                                                     ;
+------------------------------------+----------------------+--------------------------------------------------------------------------+
; BYTE_SIZE_BLOCK                    ; 8                    ; Untyped                                                                  ;
; AUTO_CARRY_CHAINS                  ; ON                   ; AUTO_CARRY                                                               ;
; IGNORE_CARRY_BUFFERS               ; OFF                  ; IGNORE_CARRY                                                             ;
; AUTO_CASCADE_CHAINS                ; ON                   ; AUTO_CASCADE                                                             ;
; IGNORE_CASCADE_BUFFERS             ; OFF                  ; IGNORE_CASCADE                                                           ;
; WIDTH_BYTEENA                      ; 1                    ; Untyped                                                                  ;
; OPERATION_MODE                     ; DUAL_PORT            ; Untyped                                                                  ;
; WIDTH_A                            ; 32                   ; Untyped                                                                  ;
; WIDTHAD_A                          ; 6                    ; Untyped                                                                  ;
; NUMWORDS_A                         ; 36                   ; Untyped                                                                  ;
; OUTDATA_REG_A                      ; UNREGISTERED         ; Untyped                                                                  ;
; ADDRESS_ACLR_A                     ; NONE                 ; Untyped                                                                  ;
; OUTDATA_ACLR_A                     ; NONE                 ; Untyped                                                                  ;
; WRCONTROL_ACLR_A                   ; NONE                 ; Untyped                                                                  ;
; INDATA_ACLR_A                      ; NONE                 ; Untyped                                                                  ;
; BYTEENA_ACLR_A                     ; NONE                 ; Untyped                                                                  ;
; WIDTH_B                            ; 32                   ; Untyped                                                                  ;
; WIDTHAD_B                          ; 6                    ; Untyped                                                                  ;
; NUMWORDS_B                         ; 36                   ; Untyped                                                                  ;
; INDATA_REG_B                       ; CLOCK1               ; Untyped                                                                  ;
; WRCONTROL_WRADDRESS_REG_B          ; CLOCK1               ; Untyped                                                                  ;
; RDCONTROL_REG_B                    ; CLOCK1               ; Untyped                                                                  ;
; ADDRESS_REG_B                      ; CLOCK0               ; Untyped                                                                  ;
; OUTDATA_REG_B                      ; UNREGISTERED         ; Untyped                                                                  ;
; BYTEENA_REG_B                      ; CLOCK1               ; Untyped                                                                  ;
; INDATA_ACLR_B                      ; NONE                 ; Untyped                                                                  ;
; WRCONTROL_ACLR_B                   ; NONE                 ; Untyped                                                                  ;
; ADDRESS_ACLR_B                     ; NONE                 ; Untyped                                                                  ;
; OUTDATA_ACLR_B                     ; NONE                 ; Untyped                                                                  ;
; RDCONTROL_ACLR_B                   ; NONE                 ; Untyped                                                                  ;
; BYTEENA_ACLR_B                     ; NONE                 ; Untyped                                                                  ;
; WIDTH_BYTEENA_A                    ; 1                    ; Untyped                                                                  ;
; WIDTH_BYTEENA_B                    ; 1                    ; Untyped                                                                  ;
; RAM_BLOCK_TYPE                     ; M10K                 ; Untyped                                                                  ;
; BYTE_SIZE                          ; 8                    ; Untyped                                                                  ;
; READ_DURING_WRITE_MODE_MIXED_PORTS ; OLD_DATA             ; Untyped                                                                  ;
; READ_DURING_WRITE_MODE_PORT_A      ; NEW_DATA_NO_NBE_READ ; Untyped                                                                  ;
; READ_DURING_WRITE_MODE_PORT_B      ; NEW_DATA_NO_NBE_READ ; Untyped                                                                  ;
; INIT_FILE                          ; UNUSED               ; Untyped                                                                  ;
; INIT_FILE_LAYOUT                   ; PORT_A               ; Untyped                                                                  ;
; MAXIMUM_DEPTH                      ; 0                    ; Untyped                                                                  ;
; CLOCK_ENABLE_INPUT_A               ; NORMAL               ; Untyped                                                                  ;
; CLOCK_ENABLE_INPUT_B               ; NORMAL               ; Untyped                                                                  ;
; CLOCK_ENABLE_OUTPUT_A              ; NORMAL               ; Untyped                                                                  ;
; CLOCK_ENABLE_OUTPUT_B              ; NORMAL               ; Untyped                                                                  ;
; CLOCK_ENABLE_CORE_A                ; USE_INPUT_CLKEN      ; Untyped                                                                  ;
; CLOCK_ENABLE_CORE_B                ; USE_INPUT_CLKEN      ; Untyped                                                                  ;
; ENABLE_ECC                         ; FALSE                ; Untyped                                                                  ;
; ECC_PIPELINE_STAGE_ENABLED         ; FALSE                ; Untyped                                                                  ;
; WIDTH_ECCSTATUS                    ; 3                    ; Untyped                                                                  ;
; DEVICE_FAMILY                      ; Cyclone V            ; Untyped                                                                  ;
; CBXI_PARAMETER                     ; altsyncram_d0p1      ; Untyped                                                                  ;
+------------------------------------+----------------------+--------------------------------------------------------------------------+
Note: In order to hide this table in the UI and the text report file, please set the "Show Parameter Settings in Synthesis Report" option in "Analysis and Synthesis Settings -> More Settings" to "Off".


+-------------------------------------------------------------------------------------------------------------------+
; Parameter Settings for Inferred Entity Instance: dwt_2d_top:dwt_inst|dwt_2d_level:level_1|altsyncram:L_rows_rtl_0 ;
+------------------------------------+----------------------+-------------------------------------------------------+
; Parameter Name                     ; Value                ; Type                                                  ;
+------------------------------------+----------------------+-------------------------------------------------------+
; BYTE_SIZE_BLOCK                    ; 8                    ; Untyped                                               ;
; AUTO_CARRY_CHAINS                  ; ON                   ; AUTO_CARRY                                            ;
; IGNORE_CARRY_BUFFERS               ; OFF                  ; IGNORE_CARRY                                          ;
; AUTO_CASCADE_CHAINS                ; ON                   ; AUTO_CASCADE                                          ;
; IGNORE_CASCADE_BUFFERS             ; OFF                  ; IGNORE_CASCADE                                        ;
; WIDTH_BYTEENA                      ; 1                    ; Untyped                                               ;
; OPERATION_MODE                     ; DUAL_PORT            ; Untyped                                               ;
; WIDTH_A                            ; 32                   ; Untyped                                               ;
; WIDTHAD_A                          ; 12                   ; Untyped                                               ;
; NUMWORDS_A                         ; 2304                 ; Untyped                                               ;
; OUTDATA_REG_A                      ; UNREGISTERED         ; Untyped                                               ;
; ADDRESS_ACLR_A                     ; NONE                 ; Untyped                                               ;
; OUTDATA_ACLR_A                     ; NONE                 ; Untyped                                               ;
; WRCONTROL_ACLR_A                   ; NONE                 ; Untyped                                               ;
; INDATA_ACLR_A                      ; NONE                 ; Untyped                                               ;
; BYTEENA_ACLR_A                     ; NONE                 ; Untyped                                               ;
; WIDTH_B                            ; 32                   ; Untyped                                               ;
; WIDTHAD_B                          ; 12                   ; Untyped                                               ;
; NUMWORDS_B                         ; 2304                 ; Untyped                                               ;
; INDATA_REG_B                       ; CLOCK1               ; Untyped                                               ;
; WRCONTROL_WRADDRESS_REG_B          ; CLOCK1               ; Untyped                                               ;
; RDCONTROL_REG_B                    ; CLOCK1               ; Untyped                                               ;
; ADDRESS_REG_B                      ; CLOCK0               ; Untyped                                               ;
; OUTDATA_REG_B                      ; UNREGISTERED         ; Untyped                                               ;
; BYTEENA_REG_B                      ; CLOCK1               ; Untyped                                               ;
; INDATA_ACLR_B                      ; NONE                 ; Untyped                                               ;
; WRCONTROL_ACLR_B                   ; NONE                 ; Untyped                                               ;
; ADDRESS_ACLR_B                     ; NONE                 ; Untyped                                               ;
; OUTDATA_ACLR_B                     ; NONE                 ; Untyped                                               ;
; RDCONTROL_ACLR_B                   ; NONE                 ; Untyped                                               ;
; BYTEENA_ACLR_B                     ; NONE                 ; Untyped                                               ;
; WIDTH_BYTEENA_A                    ; 1                    ; Untyped                                               ;
; WIDTH_BYTEENA_B                    ; 1                    ; Untyped                                               ;
; RAM_BLOCK_TYPE                     ; M10K                 ; Untyped                                               ;
; BYTE_SIZE                          ; 8                    ; Untyped                                               ;
; READ_DURING_WRITE_MODE_MIXED_PORTS ; OLD_DATA             ; Untyped                                               ;
; READ_DURING_WRITE_MODE_PORT_A      ; NEW_DATA_NO_NBE_READ ; Untyped                                               ;
; READ_DURING_WRITE_MODE_PORT_B      ; NEW_DATA_NO_NBE_READ ; Untyped                                               ;
; INIT_FILE                          ; UNUSED               ; Untyped                                               ;
; INIT_FILE_LAYOUT                   ; PORT_A               ; Untyped                                               ;
; MAXIMUM_DEPTH                      ; 0                    ; Untyped                                               ;
; CLOCK_ENABLE_INPUT_A               ; NORMAL               ; Untyped                                               ;
; CLOCK_ENABLE_INPUT_B               ; NORMAL               ; Untyped                                               ;
; CLOCK_ENABLE_OUTPUT_A              ; NORMAL               ; Untyped                                               ;
; CLOCK_ENABLE_OUTPUT_B              ; NORMAL               ; Untyped                                               ;
; CLOCK_ENABLE_CORE_A                ; USE_INPUT_CLKEN      ; Untyped                                               ;
; CLOCK_ENABLE_CORE_B                ; USE_INPUT_CLKEN      ; Untyped                                               ;
; ENABLE_ECC                         ; FALSE                ; Untyped                                               ;
; ECC_PIPELINE_STAGE_ENABLED         ; FALSE                ; Untyped                                               ;
; WIDTH_ECCSTATUS                    ; 3                    ; Untyped                                               ;
; DEVICE_FAMILY                      ; Cyclone V            ; Untyped                                               ;
; CBXI_PARAMETER                     ; altsyncram_79p1      ; Untyped                                               ;
+------------------------------------+----------------------+-------------------------------------------------------+
Note: In order to hide this table in the UI and the text report file, please set the "Show Parameter Settings in Synthesis Report" option in "Analysis and Synthesis Settings -> More Settings" to "Off".


+-------------------------------------------------------------------------------------------------------------------+
; Parameter Settings for Inferred Entity Instance: dwt_2d_top:dwt_inst|dwt_2d_level:level_1|altsyncram:res_LL_rtl_0 ;
+------------------------------------+----------------------+-------------------------------------------------------+
; Parameter Name                     ; Value                ; Type                                                  ;
+------------------------------------+----------------------+-------------------------------------------------------+
; BYTE_SIZE_BLOCK                    ; 8                    ; Untyped                                               ;
; AUTO_CARRY_CHAINS                  ; ON                   ; AUTO_CARRY                                            ;
; IGNORE_CARRY_BUFFERS               ; OFF                  ; IGNORE_CARRY                                          ;
; AUTO_CASCADE_CHAINS                ; ON                   ; AUTO_CASCADE                                          ;
; IGNORE_CASCADE_BUFFERS             ; OFF                  ; IGNORE_CASCADE                                        ;
; WIDTH_BYTEENA                      ; 1                    ; Untyped                                               ;
; OPERATION_MODE                     ; DUAL_PORT            ; Untyped                                               ;
; WIDTH_A                            ; 32                   ; Untyped                                               ;
; WIDTHAD_A                          ; 11                   ; Untyped                                               ;
; NUMWORDS_A                         ; 1296                 ; Untyped                                               ;
; OUTDATA_REG_A                      ; UNREGISTERED         ; Untyped                                               ;
; ADDRESS_ACLR_A                     ; NONE                 ; Untyped                                               ;
; OUTDATA_ACLR_A                     ; NONE                 ; Untyped                                               ;
; WRCONTROL_ACLR_A                   ; NONE                 ; Untyped                                               ;
; INDATA_ACLR_A                      ; NONE                 ; Untyped                                               ;
; BYTEENA_ACLR_A                     ; NONE                 ; Untyped                                               ;
; WIDTH_B                            ; 32                   ; Untyped                                               ;
; WIDTHAD_B                          ; 11                   ; Untyped                                               ;
; NUMWORDS_B                         ; 1296                 ; Untyped                                               ;
; INDATA_REG_B                       ; CLOCK1               ; Untyped                                               ;
; WRCONTROL_WRADDRESS_REG_B          ; CLOCK1               ; Untyped                                               ;
; RDCONTROL_REG_B                    ; CLOCK1               ; Untyped                                               ;
; ADDRESS_REG_B                      ; CLOCK0               ; Untyped                                               ;
; OUTDATA_REG_B                      ; UNREGISTERED         ; Untyped                                               ;
; BYTEENA_REG_B                      ; CLOCK1               ; Untyped                                               ;
; INDATA_ACLR_B                      ; NONE                 ; Untyped                                               ;
; WRCONTROL_ACLR_B                   ; NONE                 ; Untyped                                               ;
; ADDRESS_ACLR_B                     ; NONE                 ; Untyped                                               ;
; OUTDATA_ACLR_B                     ; NONE                 ; Untyped                                               ;
; RDCONTROL_ACLR_B                   ; NONE                 ; Untyped                                               ;
; BYTEENA_ACLR_B                     ; NONE                 ; Untyped                                               ;
; WIDTH_BYTEENA_A                    ; 1                    ; Untyped                                               ;
; WIDTH_BYTEENA_B                    ; 1                    ; Untyped                                               ;
; RAM_BLOCK_TYPE                     ; M10K                 ; Untyped                                               ;
; BYTE_SIZE                          ; 8                    ; Untyped                                               ;
; READ_DURING_WRITE_MODE_MIXED_PORTS ; OLD_DATA             ; Untyped                                               ;
; READ_DURING_WRITE_MODE_PORT_A      ; NEW_DATA_NO_NBE_READ ; Untyped                                               ;
; READ_DURING_WRITE_MODE_PORT_B      ; NEW_DATA_NO_NBE_READ ; Untyped                                               ;
; INIT_FILE                          ; UNUSED               ; Untyped                                               ;
; INIT_FILE_LAYOUT                   ; PORT_A               ; Untyped                                               ;
; MAXIMUM_DEPTH                      ; 0                    ; Untyped                                               ;
; CLOCK_ENABLE_INPUT_A               ; NORMAL               ; Untyped                                               ;
; CLOCK_ENABLE_INPUT_B               ; NORMAL               ; Untyped                                               ;
; CLOCK_ENABLE_OUTPUT_A              ; NORMAL               ; Untyped                                               ;
; CLOCK_ENABLE_OUTPUT_B              ; NORMAL               ; Untyped                                               ;
; CLOCK_ENABLE_CORE_A                ; USE_INPUT_CLKEN      ; Untyped                                               ;
; CLOCK_ENABLE_CORE_B                ; USE_INPUT_CLKEN      ; Untyped                                               ;
; ENABLE_ECC                         ; FALSE                ; Untyped                                               ;
; ECC_PIPELINE_STAGE_ENABLED         ; FALSE                ; Untyped                                               ;
; WIDTH_ECCSTATUS                    ; 3                    ; Untyped                                               ;
; DEVICE_FAMILY                      ; Cyclone V            ; Untyped                                               ;
; CBXI_PARAMETER                     ; altsyncram_n9p1      ; Untyped                                               ;
+------------------------------------+----------------------+-------------------------------------------------------+
Note: In order to hide this table in the UI and the text report file, please set the "Show Parameter Settings in Synthesis Report" option in "Analysis and Synthesis Settings -> More Settings" to "Off".


+--------------------------------------------------------------------------------------------------------------------------------------+
; Parameter Settings for Inferred Entity Instance: dwt_2d_top:dwt_inst|dwt_2d_level:level_1|dwt_1d_bior:u_dwt_a|altsyncram:x_buf_rtl_0 ;
+------------------------------------+----------------------+--------------------------------------------------------------------------+
; Parameter Name                     ; Value                ; Type                                                                     ;
+------------------------------------+----------------------+--------------------------------------------------------------------------+
; BYTE_SIZE_BLOCK                    ; 8                    ; Untyped                                                                  ;
; AUTO_CARRY_CHAINS                  ; ON                   ; AUTO_CARRY                                                               ;
; IGNORE_CARRY_BUFFERS               ; OFF                  ; IGNORE_CARRY                                                             ;
; AUTO_CASCADE_CHAINS                ; ON                   ; AUTO_CASCADE                                                             ;
; IGNORE_CASCADE_BUFFERS             ; OFF                  ; IGNORE_CASCADE                                                           ;
; WIDTH_BYTEENA                      ; 1                    ; Untyped                                                                  ;
; OPERATION_MODE                     ; DUAL_PORT            ; Untyped                                                                  ;
; WIDTH_A                            ; 32                   ; Untyped                                                                  ;
; WIDTHAD_A                          ; 6                    ; Untyped                                                                  ;
; NUMWORDS_A                         ; 64                   ; Untyped                                                                  ;
; OUTDATA_REG_A                      ; UNREGISTERED         ; Untyped                                                                  ;
; ADDRESS_ACLR_A                     ; NONE                 ; Untyped                                                                  ;
; OUTDATA_ACLR_A                     ; NONE                 ; Untyped                                                                  ;
; WRCONTROL_ACLR_A                   ; NONE                 ; Untyped                                                                  ;
; INDATA_ACLR_A                      ; NONE                 ; Untyped                                                                  ;
; BYTEENA_ACLR_A                     ; NONE                 ; Untyped                                                                  ;
; WIDTH_B                            ; 32                   ; Untyped                                                                  ;
; WIDTHAD_B                          ; 6                    ; Untyped                                                                  ;
; NUMWORDS_B                         ; 64                   ; Untyped                                                                  ;
; INDATA_REG_B                       ; CLOCK1               ; Untyped                                                                  ;
; WRCONTROL_WRADDRESS_REG_B          ; CLOCK1               ; Untyped                                                                  ;
; RDCONTROL_REG_B                    ; CLOCK1               ; Untyped                                                                  ;
; ADDRESS_REG_B                      ; CLOCK0               ; Untyped                                                                  ;
; OUTDATA_REG_B                      ; UNREGISTERED         ; Untyped                                                                  ;
; BYTEENA_REG_B                      ; CLOCK1               ; Untyped                                                                  ;
; INDATA_ACLR_B                      ; NONE                 ; Untyped                                                                  ;
; WRCONTROL_ACLR_B                   ; NONE                 ; Untyped                                                                  ;
; ADDRESS_ACLR_B                     ; NONE                 ; Untyped                                                                  ;
; OUTDATA_ACLR_B                     ; NONE                 ; Untyped                                                                  ;
; RDCONTROL_ACLR_B                   ; NONE                 ; Untyped                                                                  ;
; BYTEENA_ACLR_B                     ; NONE                 ; Untyped                                                                  ;
; WIDTH_BYTEENA_A                    ; 1                    ; Untyped                                                                  ;
; WIDTH_BYTEENA_B                    ; 1                    ; Untyped                                                                  ;
; RAM_BLOCK_TYPE                     ; M10K                 ; Untyped                                                                  ;
; BYTE_SIZE                          ; 8                    ; Untyped                                                                  ;
; READ_DURING_WRITE_MODE_MIXED_PORTS ; OLD_DATA             ; Untyped                                                                  ;
; READ_DURING_WRITE_MODE_PORT_A      ; NEW_DATA_NO_NBE_READ ; Untyped                                                                  ;
; READ_DURING_WRITE_MODE_PORT_B      ; NEW_DATA_NO_NBE_READ ; Untyped                                                                  ;
; INIT_FILE                          ; UNUSED               ; Untyped                                                                  ;
; INIT_FILE_LAYOUT                   ; PORT_A               ; Untyped                                                                  ;
; MAXIMUM_DEPTH                      ; 0                    ; Untyped                                                                  ;
; CLOCK_ENABLE_INPUT_A               ; NORMAL               ; Untyped                                                                  ;
; CLOCK_ENABLE_INPUT_B               ; NORMAL               ; Untyped                                                                  ;
; CLOCK_ENABLE_OUTPUT_A              ; NORMAL               ; Untyped                                                                  ;
; CLOCK_ENABLE_OUTPUT_B              ; NORMAL               ; Untyped                                                                  ;
; CLOCK_ENABLE_CORE_A                ; USE_INPUT_CLKEN      ; Untyped                                                                  ;
; CLOCK_ENABLE_CORE_B                ; USE_INPUT_CLKEN      ; Untyped                                                                  ;
; ENABLE_ECC                         ; FALSE                ; Untyped                                                                  ;
; ECC_PIPELINE_STAGE_ENABLED         ; FALSE                ; Untyped                                                                  ;
; WIDTH_ECCSTATUS                    ; 3                    ; Untyped                                                                  ;
; DEVICE_FAMILY                      ; Cyclone V            ; Untyped                                                                  ;
; CBXI_PARAMETER                     ; altsyncram_f0p1      ; Untyped                                                                  ;
+------------------------------------+----------------------+--------------------------------------------------------------------------+
Note: In order to hide this table in the UI and the text report file, please set the "Show Parameter Settings in Synthesis Report" option in "Analysis and Synthesis Settings -> More Settings" to "Off".


+---------------------------------------------------------------------------------------------------------------------------------+
; altsyncram Parameter Settings by Entity Instance                                                                                ;
+-------------------------------------------+-------------------------------------------------------------------------------------+
; Name                                      ; Value                                                                               ;
+-------------------------------------------+-------------------------------------------------------------------------------------+
; Number of entity instances                ; 11                                                                                  ;
; Entity Instance                           ; dwt_2d_top:dwt_inst|altsyncram:ll1_buf_rtl_0                                        ;
;     -- OPERATION_MODE                     ; DUAL_PORT                                                                           ;
;     -- WIDTH_A                            ; 32                                                                                  ;
;     -- NUMWORDS_A                         ; 1296                                                                                ;
;     -- OUTDATA_REG_A                      ; UNREGISTERED                                                                        ;
;     -- WIDTH_B                            ; 32                                                                                  ;
;     -- NUMWORDS_B                         ; 1296                                                                                ;
;     -- ADDRESS_REG_B                      ; CLOCK0                                                                              ;
;     -- OUTDATA_REG_B                      ; UNREGISTERED                                                                        ;
;     -- RAM_BLOCK_TYPE                     ; M10K                                                                                ;
;     -- READ_DURING_WRITE_MODE_MIXED_PORTS ; OLD_DATA                                                                            ;
; Entity Instance                           ; dwt_2d_top:dwt_inst|altsyncram:ll2_buf_rtl_0                                        ;
;     -- OPERATION_MODE                     ; DUAL_PORT                                                                           ;
;     -- WIDTH_A                            ; 32                                                                                  ;
;     -- NUMWORDS_A                         ; 484                                                                                 ;
;     -- OUTDATA_REG_A                      ; UNREGISTERED                                                                        ;
;     -- WIDTH_B                            ; 32                                                                                  ;
;     -- NUMWORDS_B                         ; 484                                                                                 ;
;     -- ADDRESS_REG_B                      ; CLOCK0                                                                              ;
;     -- OUTDATA_REG_B                      ; UNREGISTERED                                                                        ;
;     -- RAM_BLOCK_TYPE                     ; M10K                                                                                ;
;     -- READ_DURING_WRITE_MODE_MIXED_PORTS ; OLD_DATA                                                                            ;
; Entity Instance                           ; dwt_2d_top:dwt_inst|dwt_2d_level:level_3|altsyncram:L_rows_rtl_0                    ;
;     -- OPERATION_MODE                     ; DUAL_PORT                                                                           ;
;     -- WIDTH_A                            ; 32                                                                                  ;
;     -- NUMWORDS_A                         ; 330                                                                                 ;
;     -- OUTDATA_REG_A                      ; UNREGISTERED                                                                        ;
;     -- WIDTH_B                            ; 32                                                                                  ;
;     -- NUMWORDS_B                         ; 330                                                                                 ;
;     -- ADDRESS_REG_B                      ; CLOCK0                                                                              ;
;     -- OUTDATA_REG_B                      ; UNREGISTERED                                                                        ;
;     -- RAM_BLOCK_TYPE                     ; M10K                                                                                ;
;     -- READ_DURING_WRITE_MODE_MIXED_PORTS ; OLD_DATA                                                                            ;
; Entity Instance                           ; dwt_2d_top:dwt_inst|dwt_2d_level:level_3|altsyncram:res_LL_rtl_0                    ;
;     -- OPERATION_MODE                     ; DUAL_PORT                                                                           ;
;     -- WIDTH_A                            ; 32                                                                                  ;
;     -- NUMWORDS_A                         ; 225                                                                                 ;
;     -- OUTDATA_REG_A                      ; UNREGISTERED                                                                        ;
;     -- WIDTH_B                            ; 32                                                                                  ;
;     -- NUMWORDS_B                         ; 225                                                                                 ;
;     -- ADDRESS_REG_B                      ; CLOCK0                                                                              ;
;     -- OUTDATA_REG_B                      ; UNREGISTERED                                                                        ;
;     -- RAM_BLOCK_TYPE                     ; M10K                                                                                ;
;     -- READ_DURING_WRITE_MODE_MIXED_PORTS ; OLD_DATA                                                                            ;
; Entity Instance                           ; dwt_2d_top:dwt_inst|dwt_2d_level:level_3|dwt_1d_bior:u_dwt_a|altsyncram:x_buf_rtl_0 ;
;     -- OPERATION_MODE                     ; DUAL_PORT                                                                           ;
;     -- WIDTH_A                            ; 32                                                                                  ;
;     -- NUMWORDS_A                         ; 22                                                                                  ;
;     -- OUTDATA_REG_A                      ; UNREGISTERED                                                                        ;
;     -- WIDTH_B                            ; 32                                                                                  ;
;     -- NUMWORDS_B                         ; 22                                                                                  ;
;     -- ADDRESS_REG_B                      ; CLOCK0                                                                              ;
;     -- OUTDATA_REG_B                      ; UNREGISTERED                                                                        ;
;     -- RAM_BLOCK_TYPE                     ; M10K                                                                                ;
;     -- READ_DURING_WRITE_MODE_MIXED_PORTS ; OLD_DATA                                                                            ;
; Entity Instance                           ; dwt_2d_top:dwt_inst|dwt_2d_level:level_2|altsyncram:L_rows_rtl_0                    ;
;     -- OPERATION_MODE                     ; DUAL_PORT                                                                           ;
;     -- WIDTH_A                            ; 32                                                                                  ;
;     -- NUMWORDS_A                         ; 792                                                                                 ;
;     -- OUTDATA_REG_A                      ; UNREGISTERED                                                                        ;
;     -- WIDTH_B                            ; 32                                                                                  ;
;     -- NUMWORDS_B                         ; 792                                                                                 ;
;     -- ADDRESS_REG_B                      ; CLOCK0                                                                              ;
;     -- OUTDATA_REG_B                      ; UNREGISTERED                                                                        ;
;     -- RAM_BLOCK_TYPE                     ; M10K                                                                                ;
;     -- READ_DURING_WRITE_MODE_MIXED_PORTS ; OLD_DATA                                                                            ;
; Entity Instance                           ; dwt_2d_top:dwt_inst|dwt_2d_level:level_2|altsyncram:res_LL_rtl_0                    ;
;     -- OPERATION_MODE                     ; DUAL_PORT                                                                           ;
;     -- WIDTH_A                            ; 32                                                                                  ;
;     -- NUMWORDS_A                         ; 484                                                                                 ;
;     -- OUTDATA_REG_A                      ; UNREGISTERED                                                                        ;
;     -- WIDTH_B                            ; 32                                                                                  ;
;     -- NUMWORDS_B                         ; 484                                                                                 ;
;     -- ADDRESS_REG_B                      ; CLOCK0                                                                              ;
;     -- OUTDATA_REG_B                      ; UNREGISTERED                                                                        ;
;     -- RAM_BLOCK_TYPE                     ; M10K                                                                                ;
;     -- READ_DURING_WRITE_MODE_MIXED_PORTS ; OLD_DATA                                                                            ;
; Entity Instance                           ; dwt_2d_top:dwt_inst|dwt_2d_level:level_2|dwt_1d_bior:u_dwt_a|altsyncram:x_buf_rtl_0 ;
;     -- OPERATION_MODE                     ; DUAL_PORT                                                                           ;
;     -- WIDTH_A                            ; 32                                                                                  ;
;     -- NUMWORDS_A                         ; 36                                                                                  ;
;     -- OUTDATA_REG_A                      ; UNREGISTERED                                                                        ;
;     -- WIDTH_B                            ; 32                                                                                  ;
;     -- NUMWORDS_B                         ; 36                                                                                  ;
;     -- ADDRESS_REG_B                      ; CLOCK0                                                                              ;
;     -- OUTDATA_REG_B                      ; UNREGISTERED                                                                        ;
;     -- RAM_BLOCK_TYPE                     ; M10K                                                                                ;
;     -- READ_DURING_WRITE_MODE_MIXED_PORTS ; OLD_DATA                                                                            ;
; Entity Instance                           ; dwt_2d_top:dwt_inst|dwt_2d_level:level_1|altsyncram:L_rows_rtl_0                    ;
;     -- OPERATION_MODE                     ; DUAL_PORT                                                                           ;
;     -- WIDTH_A                            ; 32                                                                                  ;
;     -- NUMWORDS_A                         ; 2304                                                                                ;
;     -- OUTDATA_REG_A                      ; UNREGISTERED                                                                        ;
;     -- WIDTH_B                            ; 32                                                                                  ;
;     -- NUMWORDS_B                         ; 2304                                                                                ;
;     -- ADDRESS_REG_B                      ; CLOCK0                                                                              ;
;     -- OUTDATA_REG_B                      ; UNREGISTERED                                                                        ;
;     -- RAM_BLOCK_TYPE                     ; M10K                                                                                ;
;     -- READ_DURING_WRITE_MODE_MIXED_PORTS ; OLD_DATA                                                                            ;
; Entity Instance                           ; dwt_2d_top:dwt_inst|dwt_2d_level:level_1|altsyncram:res_LL_rtl_0                    ;
;     -- OPERATION_MODE                     ; DUAL_PORT                                                                           ;
;     -- WIDTH_A                            ; 32                                                                                  ;
;     -- NUMWORDS_A                         ; 1296                                                                                ;
;     -- OUTDATA_REG_A                      ; UNREGISTERED                                                                        ;
;     -- WIDTH_B                            ; 32                                                                                  ;
;     -- NUMWORDS_B                         ; 1296                                                                                ;
;     -- ADDRESS_REG_B                      ; CLOCK0                                                                              ;
;     -- OUTDATA_REG_B                      ; UNREGISTERED                                                                        ;
;     -- RAM_BLOCK_TYPE                     ; M10K                                                                                ;
;     -- READ_DURING_WRITE_MODE_MIXED_PORTS ; OLD_DATA                                                                            ;
; Entity Instance                           ; dwt_2d_top:dwt_inst|dwt_2d_level:level_1|dwt_1d_bior:u_dwt_a|altsyncram:x_buf_rtl_0 ;
;     -- OPERATION_MODE                     ; DUAL_PORT                                                                           ;
;     -- WIDTH_A                            ; 32                                                                                  ;
;     -- NUMWORDS_A                         ; 64                                                                                  ;
;     -- OUTDATA_REG_A                      ; UNREGISTERED                                                                        ;
;     -- WIDTH_B                            ; 32                                                                                  ;
;     -- NUMWORDS_B                         ; 64                                                                                  ;
;     -- ADDRESS_REG_B                      ; CLOCK0                                                                              ;
;     -- OUTDATA_REG_B                      ; UNREGISTERED                                                                        ;
;     -- RAM_BLOCK_TYPE                     ; M10K                                                                                ;
;     -- READ_DURING_WRITE_MODE_MIXED_PORTS ; OLD_DATA                                                                            ;
+-------------------------------------------+-------------------------------------------------------------------------------------+


+--------------------------------------------------------------------------------------------------------------------------+
; Port Connectivity Checks: "science_guardrail:guardrail_inst"                                                             ;
+----------------+--------+----------+-------------------------------------------------------------------------------------+
; Port           ; Type   ; Severity ; Details                                                                             ;
+----------------+--------+----------+-------------------------------------------------------------------------------------+
; in_last_col    ; Input  ; Info     ; Stuck at GND                                                                        ;
; check_en       ; Input  ; Info     ; Stuck at VCC                                                                        ;
; ref_x          ; Input  ; Info     ; Stuck at GND                                                                        ;
; ref_y          ; Input  ; Info     ; Stuck at GND                                                                        ;
; ref_flux       ; Input  ; Info     ; Stuck at GND                                                                        ;
; decision_valid ; Output ; Info     ; Connected to dangling logic. Logic that only feeds a dangling port will be removed. ;
; is_safe        ; Output ; Info     ; Connected to dangling logic. Logic that only feeds a dangling port will be removed. ;
+----------------+--------+----------+-------------------------------------------------------------------------------------+


+--------------------------------------------------------------------------------------------------------------------+
; Port Connectivity Checks: "dwt_2d_top:dwt_inst|dwt_2d_level:level_3|dwt_1d_bior:u_dwt_b"                           ;
+----------+--------+----------+-------------------------------------------------------------------------------------+
; Port     ; Type   ; Severity ; Details                                                                             ;
+----------+--------+----------+-------------------------------------------------------------------------------------+
; lo_last  ; Output ; Info     ; Connected to dangling logic. Logic that only feeds a dangling port will be removed. ;
; hi_valid ; Output ; Info     ; Connected to dangling logic. Logic that only feeds a dangling port will be removed. ;
; hi_last  ; Output ; Info     ; Explicitly unconnected                                                              ;
+----------+--------+----------+-------------------------------------------------------------------------------------+


+--------------------------------------------------------------------------------------------------------------------+
; Port Connectivity Checks: "dwt_2d_top:dwt_inst|dwt_2d_level:level_3|dwt_1d_bior:u_dwt_a"                           ;
+----------+--------+----------+-------------------------------------------------------------------------------------+
; Port     ; Type   ; Severity ; Details                                                                             ;
+----------+--------+----------+-------------------------------------------------------------------------------------+
; hi_valid ; Output ; Info     ; Connected to dangling logic. Logic that only feeds a dangling port will be removed. ;
; hi_last  ; Output ; Info     ; Explicitly unconnected                                                              ;
+----------+--------+----------+-------------------------------------------------------------------------------------+


+--------------------------------------------------------------------------------------------------------------------+
; Port Connectivity Checks: "dwt_2d_top:dwt_inst|dwt_2d_level:level_3"                                               ;
+----------+--------+----------+-------------------------------------------------------------------------------------+
; Port     ; Type   ; Severity ; Details                                                                             ;
+----------+--------+----------+-------------------------------------------------------------------------------------+
; out_rows ; Output ; Info     ; Connected to dangling logic. Logic that only feeds a dangling port will be removed. ;
; out_cols ; Output ; Info     ; Connected to dangling logic. Logic that only feeds a dangling port will be removed. ;
+----------+--------+----------+-------------------------------------------------------------------------------------+


+--------------------------------------------------------------------------------------------------------------------+
; Port Connectivity Checks: "dwt_2d_top:dwt_inst|dwt_2d_level:level_2|dwt_1d_bior:u_dwt_b"                           ;
+----------+--------+----------+-------------------------------------------------------------------------------------+
; Port     ; Type   ; Severity ; Details                                                                             ;
+----------+--------+----------+-------------------------------------------------------------------------------------+
; lo_last  ; Output ; Info     ; Connected to dangling logic. Logic that only feeds a dangling port will be removed. ;
; hi_valid ; Output ; Info     ; Connected to dangling logic. Logic that only feeds a dangling port will be removed. ;
; hi_last  ; Output ; Info     ; Explicitly unconnected                                                              ;
+----------+--------+----------+-------------------------------------------------------------------------------------+


+--------------------------------------------------------------------------------------------------------------------+
; Port Connectivity Checks: "dwt_2d_top:dwt_inst|dwt_2d_level:level_2|dwt_1d_bior:u_dwt_a"                           ;
+----------+--------+----------+-------------------------------------------------------------------------------------+
; Port     ; Type   ; Severity ; Details                                                                             ;
+----------+--------+----------+-------------------------------------------------------------------------------------+
; hi_valid ; Output ; Info     ; Connected to dangling logic. Logic that only feeds a dangling port will be removed. ;
; hi_last  ; Output ; Info     ; Explicitly unconnected                                                              ;
+----------+--------+----------+-------------------------------------------------------------------------------------+


+--------------------------------------------------------------------------------------------------------------------+
; Port Connectivity Checks: "dwt_2d_top:dwt_inst|dwt_2d_level:level_1|dwt_1d_bior:u_dwt_b"                           ;
+----------+--------+----------+-------------------------------------------------------------------------------------+
; Port     ; Type   ; Severity ; Details                                                                             ;
+----------+--------+----------+-------------------------------------------------------------------------------------+
; lo_last  ; Output ; Info     ; Connected to dangling logic. Logic that only feeds a dangling port will be removed. ;
; hi_valid ; Output ; Info     ; Connected to dangling logic. Logic that only feeds a dangling port will be removed. ;
; hi_last  ; Output ; Info     ; Explicitly unconnected                                                              ;
+----------+--------+----------+-------------------------------------------------------------------------------------+


+--------------------------------------------------------------------------------------------------------------------+
; Port Connectivity Checks: "dwt_2d_top:dwt_inst|dwt_2d_level:level_1|dwt_1d_bior:u_dwt_a"                           ;
+----------+--------+----------+-------------------------------------------------------------------------------------+
; Port     ; Type   ; Severity ; Details                                                                             ;
+----------+--------+----------+-------------------------------------------------------------------------------------+
; hi_valid ; Output ; Info     ; Connected to dangling logic. Logic that only feeds a dangling port will be removed. ;
; hi_last  ; Output ; Info     ; Explicitly unconnected                                                              ;
+----------+--------+----------+-------------------------------------------------------------------------------------+


+--------------------------------------------------------------+
; Port Connectivity Checks: "dwt_2d_top:dwt_inst"              ;
+-----------------+--------+----------+------------------------+
; Port            ; Type   ; Severity ; Details                ;
+-----------------+--------+----------+------------------------+
; cfg_rows[10..7] ; Input  ; Info     ; Stuck at GND           ;
; cfg_rows[5..0]  ; Input  ; Info     ; Stuck at GND           ;
; cfg_rows[6]     ; Input  ; Info     ; Stuck at VCC           ;
; cfg_cols[10..7] ; Input  ; Info     ; Stuck at GND           ;
; cfg_cols[5..0]  ; Input  ; Info     ; Stuck at GND           ;
; cfg_cols[6]     ; Input  ; Info     ; Stuck at VCC           ;
; h3_valid        ; Output ; Info     ; Explicitly unconnected ;
; h3_LH           ; Output ; Info     ; Explicitly unconnected ;
; h3_HL           ; Output ; Info     ; Explicitly unconnected ;
; h3_HH           ; Output ; Info     ; Explicitly unconnected ;
; h2_valid        ; Output ; Info     ; Explicitly unconnected ;
; h2_LH           ; Output ; Info     ; Explicitly unconnected ;
; h2_HL           ; Output ; Info     ; Explicitly unconnected ;
; h2_HH           ; Output ; Info     ; Explicitly unconnected ;
; h1_LH           ; Output ; Info     ; Explicitly unconnected ;
; h1_HL           ; Output ; Info     ; Explicitly unconnected ;
; h1_HH           ; Output ; Info     ; Explicitly unconnected ;
+-----------------+--------+----------+------------------------+


+-----------------------------------------------------+
; Post-Synthesis Netlist Statistics for Top Partition ;
+-----------------------+-----------------------------+
; Type                  ; Count                       ;
+-----------------------+-----------------------------+
; arriav_ff             ; 1186                        ;
;     CLR               ; 229                         ;
;     CLR SCLR          ; 5                           ;
;     CLR SLD           ; 34                          ;
;     ENA               ; 396                         ;
;     ENA CLR           ; 45                          ;
;     ENA CLR SCLR      ; 439                         ;
;     ENA SLD           ; 33                          ;
;     plain             ; 5                           ;
; arriav_lcell_comb     ; 1626                        ;
;     arith             ; 512                         ;
;         0 data inputs ; 6                           ;
;         1 data inputs ; 395                         ;
;         2 data inputs ; 78                          ;
;         3 data inputs ; 10                          ;
;         4 data inputs ; 10                          ;
;         5 data inputs ; 13                          ;
;     extend            ; 15                          ;
;         7 data inputs ; 15                          ;
;     normal            ; 820                         ;
;         0 data inputs ; 2                           ;
;         2 data inputs ; 204                         ;
;         3 data inputs ; 123                         ;
;         4 data inputs ; 158                         ;
;         5 data inputs ; 166                         ;
;         6 data inputs ; 167                         ;
;     shared            ; 279                         ;
;         0 data inputs ; 3                           ;
;         1 data inputs ; 39                          ;
;         2 data inputs ; 126                         ;
;         3 data inputs ; 111                         ;
; arriav_mac            ; 15                          ;
; boundary_port         ; 178                         ;
; stratixv_ram_block    ; 352                         ;
;                       ;                             ;
; Max LUT depth         ; 6.00                        ;
; Average LUT depth     ; 2.53                        ;
+-----------------------+-----------------------------+


+-------------------------------+
; Elapsed Time Per Partition    ;
+----------------+--------------+
; Partition Name ; Elapsed Time ;
+----------------+--------------+
; Top            ; 00:00:02     ;
+----------------+--------------+


+-------------------------------+
; Analysis & Synthesis Messages ;
+-------------------------------+
Info: *******************************************************************
Info: Running Quartus Prime Analysis & Synthesis
    Info: Version 25.1std.0 Build 1129 10/21/2025 SC Standard Edition
    Info: Processing started: Tue Sep 22 18:58:51 2026
Info: Command: quartus_map --read_settings_files=on --write_settings_files=off eventvault_r -c eventvault_r
Warning (18236): Number of processors has not been specified which may cause overloading on shared machines.  Set the global assignment NUM_PARALLEL_PROCESSORS in your QSF to an appropriate value for best performance.
Info (20030): Parallel compilation is enabled and will use 12 of the 12 processors detected
Info (12021): Found 1 design units, including 1 entities, in source file /users/student/documents/event-vault-r/event-vault-r/fpga/rtl/evaultr_top.sv
    Info (12023): Found entity 1: evaultr_top File: C:/Users/student/Documents/event-vault-R/event-vault-R/fpga/rtl/evaultr_top.sv Line: 15
Info (12021): Found 1 design units, including 1 entities, in source file /users/student/documents/event-vault-r/event-vault-r/fpga/rtl/dwt/dwt_2d_top.sv
    Info (12023): Found entity 1: dwt_2d_top File: C:/Users/student/Documents/event-vault-R/event-vault-R/fpga/rtl/dwt/dwt_2d_top.sv Line: 12
Info (12021): Found 1 design units, including 1 entities, in source file /users/student/documents/event-vault-r/event-vault-r/fpga/rtl/dwt/dwt_2d_level.sv
    Info (12023): Found entity 1: dwt_2d_level File: C:/Users/student/Documents/event-vault-R/event-vault-R/fpga/rtl/dwt/dwt_2d_level.sv Line: 13
Info (12021): Found 1 design units, including 1 entities, in source file /users/student/documents/event-vault-r/event-vault-r/fpga/rtl/dwt/dwt_1d_bior.sv
    Info (12023): Found entity 1: dwt_1d_bior File: C:/Users/student/Documents/event-vault-R/event-vault-R/fpga/rtl/dwt/dwt_1d_bior.sv Line: 20
Info (12021): Found 1 design units, including 1 entities, in source file /users/student/documents/event-vault-r/event-vault-r/fpga/rtl/buffers/line_buffer.sv
    Info (12023): Found entity 1: line_buffer File: C:/Users/student/Documents/event-vault-R/event-vault-R/fpga/rtl/buffers/line_buffer.sv Line: 18
Info (12021): Found 1 design units, including 1 entities, in source file /users/student/documents/event-vault-r/event-vault-r/fpga/rtl/guardrail/science_guardrail.sv
    Info (12023): Found entity 1: science_guardrail File: C:/Users/student/Documents/event-vault-R/event-vault-R/fpga/rtl/guardrail/science_guardrail.sv Line: 14
Info (12127): Elaborating entity "evaultr_top" for the top level hierarchy
Warning (10036): Verilog HDL or VHDL warning at evaultr_top.sv(64): object "reg_control" assigned a value but never read File: C:/Users/student/Documents/event-vault-R/event-vault-R/fpga/rtl/evaultr_top.sv Line: 64
Warning (10036): Verilog HDL or VHDL warning at evaultr_top.sv(66): object "reg_frame_id" assigned a value but never read File: C:/Users/student/Documents/event-vault-R/event-vault-R/fpga/rtl/evaultr_top.sv Line: 66
Warning (10240): Verilog HDL Always Construct warning at evaultr_top.sv(71): inferring latch(es) for variable "s_axi_awready", which holds its previous value in one or more paths through the always construct File: C:/Users/student/Documents/event-vault-R/event-vault-R/fpga/rtl/evaultr_top.sv Line: 71
Warning (10240): Verilog HDL Always Construct warning at evaultr_top.sv(71): inferring latch(es) for variable "s_axi_wready", which holds its previous value in one or more paths through the always construct File: C:/Users/student/Documents/event-vault-R/event-vault-R/fpga/rtl/evaultr_top.sv Line: 71
Info (10041): Inferred latch for "s_axi_wready" at evaultr_top.sv(71) File: C:/Users/student/Documents/event-vault-R/event-vault-R/fpga/rtl/evaultr_top.sv Line: 71
Info (10041): Inferred latch for "s_axi_awready" at evaultr_top.sv(71) File: C:/Users/student/Documents/event-vault-R/event-vault-R/fpga/rtl/evaultr_top.sv Line: 71
Info (12128): Elaborating entity "dwt_2d_top" for hierarchy "dwt_2d_top:dwt_inst" File: C:/Users/student/Documents/event-vault-R/event-vault-R/fpga/rtl/evaultr_top.sv Line: 135
Warning (10230): Verilog HDL assignment warning at dwt_2d_top.sv(195): truncated value with size 32 to match size of target (11) File: C:/Users/student/Documents/event-vault-R/event-vault-R/fpga/rtl/dwt/dwt_2d_top.sv Line: 195
Warning (10230): Verilog HDL assignment warning at dwt_2d_top.sv(218): truncated value with size 32 to match size of target (11) File: C:/Users/student/Documents/event-vault-R/event-vault-R/fpga/rtl/dwt/dwt_2d_top.sv Line: 218
Warning (10230): Verilog HDL assignment warning at dwt_2d_top.sv(222): truncated value with size 32 to match size of target (11) File: C:/Users/student/Documents/event-vault-R/event-vault-R/fpga/rtl/dwt/dwt_2d_top.sv Line: 222
Warning (10230): Verilog HDL assignment warning at dwt_2d_top.sv(224): truncated value with size 32 to match size of target (11) File: C:/Users/student/Documents/event-vault-R/event-vault-R/fpga/rtl/dwt/dwt_2d_top.sv Line: 224
Warning (10230): Verilog HDL assignment warning at dwt_2d_top.sv(237): truncated value with size 32 to match size of target (11) File: C:/Users/student/Documents/event-vault-R/event-vault-R/fpga/rtl/dwt/dwt_2d_top.sv Line: 237
Warning (10230): Verilog HDL assignment warning at dwt_2d_top.sv(260): truncated value with size 32 to match size of target (11) File: C:/Users/student/Documents/event-vault-R/event-vault-R/fpga/rtl/dwt/dwt_2d_top.sv Line: 260
Warning (10230): Verilog HDL assignment warning at dwt_2d_top.sv(264): truncated value with size 32 to match size of target (11) File: C:/Users/student/Documents/event-vault-R/event-vault-R/fpga/rtl/dwt/dwt_2d_top.sv Line: 264
Warning (10230): Verilog HDL assignment warning at dwt_2d_top.sv(266): truncated value with size 32 to match size of target (11) File: C:/Users/student/Documents/event-vault-R/event-vault-R/fpga/rtl/dwt/dwt_2d_top.sv Line: 266
Info (12128): Elaborating entity "dwt_2d_level" for hierarchy "dwt_2d_top:dwt_inst|dwt_2d_level:level_1" File: C:/Users/student/Documents/event-vault-R/event-vault-R/fpga/rtl/dwt/dwt_2d_top.sv Line: 78
Warning (10230): Verilog HDL assignment warning at dwt_2d_level.sv(159): truncated value with size 32 to match size of target (11) File: C:/Users/student/Documents/event-vault-R/event-vault-R/fpga/rtl/dwt/dwt_2d_level.sv Line: 159
Warning (10230): Verilog HDL assignment warning at dwt_2d_level.sv(166): truncated value with size 32 to match size of target (11) File: C:/Users/student/Documents/event-vault-R/event-vault-R/fpga/rtl/dwt/dwt_2d_level.sv Line: 166
Warning (10230): Verilog HDL assignment warning at dwt_2d_level.sv(171): truncated value with size 32 to match size of target (11) File: C:/Users/student/Documents/event-vault-R/event-vault-R/fpga/rtl/dwt/dwt_2d_level.sv Line: 171
Warning (10230): Verilog HDL assignment warning at dwt_2d_level.sv(180): truncated value with size 32 to match size of target (11) File: C:/Users/student/Documents/event-vault-R/event-vault-R/fpga/rtl/dwt/dwt_2d_level.sv Line: 180
Warning (10230): Verilog HDL assignment warning at dwt_2d_level.sv(181): truncated value with size 32 to match size of target (11) File: C:/Users/student/Documents/event-vault-R/event-vault-R/fpga/rtl/dwt/dwt_2d_level.sv Line: 181
Warning (10230): Verilog HDL assignment warning at dwt_2d_level.sv(212): truncated value with size 32 to match size of target (13) File: C:/Users/student/Documents/event-vault-R/event-vault-R/fpga/rtl/dwt/dwt_2d_level.sv Line: 212
Warning (10230): Verilog HDL assignment warning at dwt_2d_level.sv(215): truncated value with size 32 to match size of target (11) File: C:/Users/student/Documents/event-vault-R/event-vault-R/fpga/rtl/dwt/dwt_2d_level.sv Line: 215
Warning (10230): Verilog HDL assignment warning at dwt_2d_level.sv(224): truncated value with size 32 to match size of target (13) File: C:/Users/student/Documents/event-vault-R/event-vault-R/fpga/rtl/dwt/dwt_2d_level.sv Line: 224
Warning (10230): Verilog HDL assignment warning at dwt_2d_level.sv(242): truncated value with size 32 to match size of target (11) File: C:/Users/student/Documents/event-vault-R/event-vault-R/fpga/rtl/dwt/dwt_2d_level.sv Line: 242
Warning (10230): Verilog HDL assignment warning at dwt_2d_level.sv(243): truncated value with size 32 to match size of target (13) File: C:/Users/student/Documents/event-vault-R/event-vault-R/fpga/rtl/dwt/dwt_2d_level.sv Line: 243
Warning (10230): Verilog HDL assignment warning at dwt_2d_level.sv(253): truncated value with size 32 to match size of target (13) File: C:/Users/student/Documents/event-vault-R/event-vault-R/fpga/rtl/dwt/dwt_2d_level.sv Line: 253
Warning (10230): Verilog HDL assignment warning at dwt_2d_level.sv(256): truncated value with size 32 to match size of target (11) File: C:/Users/student/Documents/event-vault-R/event-vault-R/fpga/rtl/dwt/dwt_2d_level.sv Line: 256
Warning (10230): Verilog HDL assignment warning at dwt_2d_level.sv(260): truncated value with size 32 to match size of target (13) File: C:/Users/student/Documents/event-vault-R/event-vault-R/fpga/rtl/dwt/dwt_2d_level.sv Line: 260
Warning (10230): Verilog HDL assignment warning at dwt_2d_level.sv(267): truncated value with size 32 to match size of target (13) File: C:/Users/student/Documents/event-vault-R/event-vault-R/fpga/rtl/dwt/dwt_2d_level.sv Line: 267
Warning (10230): Verilog HDL assignment warning at dwt_2d_level.sv(286): truncated value with size 32 to match size of target (11) File: C:/Users/student/Documents/event-vault-R/event-vault-R/fpga/rtl/dwt/dwt_2d_level.sv Line: 286
Warning (10230): Verilog HDL assignment warning at dwt_2d_level.sv(287): truncated value with size 32 to match size of target (13) File: C:/Users/student/Documents/event-vault-R/event-vault-R/fpga/rtl/dwt/dwt_2d_level.sv Line: 287
Warning (10230): Verilog HDL assignment warning at dwt_2d_level.sv(290): truncated value with size 32 to match size of target (11) File: C:/Users/student/Documents/event-vault-R/event-vault-R/fpga/rtl/dwt/dwt_2d_level.sv Line: 290
Warning (10230): Verilog HDL assignment warning at dwt_2d_level.sv(292): truncated value with size 32 to match size of target (13) File: C:/Users/student/Documents/event-vault-R/event-vault-R/fpga/rtl/dwt/dwt_2d_level.sv Line: 292
Warning (10230): Verilog HDL assignment warning at dwt_2d_level.sv(294): truncated value with size 32 to match size of target (13) File: C:/Users/student/Documents/event-vault-R/event-vault-R/fpga/rtl/dwt/dwt_2d_level.sv Line: 294
Info (12128): Elaborating entity "dwt_1d_bior" for hierarchy "dwt_2d_top:dwt_inst|dwt_2d_level:level_1|dwt_1d_bior:u_dwt_a" File: C:/Users/student/Documents/event-vault-R/event-vault-R/fpga/rtl/dwt/dwt_2d_level.sv Line: 91
Warning (10230): Verilog HDL assignment warning at dwt_1d_bior.sv(94): truncated value with size 32 to match size of target (13) File: C:/Users/student/Documents/event-vault-R/event-vault-R/fpga/rtl/dwt/dwt_1d_bior.sv Line: 94
Warning (10230): Verilog HDL assignment warning at dwt_1d_bior.sv(101): truncated value with size 32 to match size of target (13) File: C:/Users/student/Documents/event-vault-R/event-vault-R/fpga/rtl/dwt/dwt_1d_bior.sv Line: 101
Warning (10230): Verilog HDL assignment warning at dwt_1d_bior.sv(103): truncated value with size 32 to match size of target (13) File: C:/Users/student/Documents/event-vault-R/event-vault-R/fpga/rtl/dwt/dwt_1d_bior.sv Line: 103
Warning (10230): Verilog HDL assignment warning at dwt_1d_bior.sv(109): truncated value with size 32 to match size of target (11) File: C:/Users/student/Documents/event-vault-R/event-vault-R/fpga/rtl/dwt/dwt_1d_bior.sv Line: 109
Warning (10230): Verilog HDL assignment warning at dwt_1d_bior.sv(111): truncated value with size 32 to match size of target (11) File: C:/Users/student/Documents/event-vault-R/event-vault-R/fpga/rtl/dwt/dwt_1d_bior.sv Line: 111
Warning (10230): Verilog HDL assignment warning at dwt_1d_bior.sv(178): truncated value with size 32 to match size of target (11) File: C:/Users/student/Documents/event-vault-R/event-vault-R/fpga/rtl/dwt/dwt_1d_bior.sv Line: 178
Warning (10230): Verilog HDL assignment warning at dwt_1d_bior.sv(195): truncated value with size 32 to match size of target (11) File: C:/Users/student/Documents/event-vault-R/event-vault-R/fpga/rtl/dwt/dwt_1d_bior.sv Line: 195
Warning (10230): Verilog HDL assignment warning at dwt_1d_bior.sv(210): truncated value with size 32 to match size of target (4) File: C:/Users/student/Documents/event-vault-R/event-vault-R/fpga/rtl/dwt/dwt_1d_bior.sv Line: 210
Warning (10230): Verilog HDL assignment warning at dwt_1d_bior.sv(232): truncated value with size 64 to match size of target (32) File: C:/Users/student/Documents/event-vault-R/event-vault-R/fpga/rtl/dwt/dwt_1d_bior.sv Line: 232
Warning (10230): Verilog HDL assignment warning at dwt_1d_bior.sv(233): truncated value with size 64 to match size of target (32) File: C:/Users/student/Documents/event-vault-R/event-vault-R/fpga/rtl/dwt/dwt_1d_bior.sv Line: 233
Warning (10230): Verilog HDL assignment warning at dwt_1d_bior.sv(240): truncated value with size 32 to match size of target (11) File: C:/Users/student/Documents/event-vault-R/event-vault-R/fpga/rtl/dwt/dwt_1d_bior.sv Line: 240
Info (12128): Elaborating entity "dwt_2d_level" for hierarchy "dwt_2d_top:dwt_inst|dwt_2d_level:level_2" File: C:/Users/student/Documents/event-vault-R/event-vault-R/fpga/rtl/dwt/dwt_2d_top.sv Line: 104
Warning (10230): Verilog HDL assignment warning at dwt_2d_level.sv(159): truncated value with size 32 to match size of target (11) File: C:/Users/student/Documents/event-vault-R/event-vault-R/fpga/rtl/dwt/dwt_2d_level.sv Line: 159
Warning (10230): Verilog HDL assignment warning at dwt_2d_level.sv(166): truncated value with size 32 to match size of target (11) File: C:/Users/student/Documents/event-vault-R/event-vault-R/fpga/rtl/dwt/dwt_2d_level.sv Line: 166
Warning (10230): Verilog HDL assignment warning at dwt_2d_level.sv(171): truncated value with size 32 to match size of target (11) File: C:/Users/student/Documents/event-vault-R/event-vault-R/fpga/rtl/dwt/dwt_2d_level.sv Line: 171
Warning (10230): Verilog HDL assignment warning at dwt_2d_level.sv(180): truncated value with size 32 to match size of target (11) File: C:/Users/student/Documents/event-vault-R/event-vault-R/fpga/rtl/dwt/dwt_2d_level.sv Line: 180
Warning (10230): Verilog HDL assignment warning at dwt_2d_level.sv(181): truncated value with size 32 to match size of target (11) File: C:/Users/student/Documents/event-vault-R/event-vault-R/fpga/rtl/dwt/dwt_2d_level.sv Line: 181
Warning (10230): Verilog HDL assignment warning at dwt_2d_level.sv(212): truncated value with size 32 to match size of target (13) File: C:/Users/student/Documents/event-vault-R/event-vault-R/fpga/rtl/dwt/dwt_2d_level.sv Line: 212
Warning (10230): Verilog HDL assignment warning at dwt_2d_level.sv(215): truncated value with size 32 to match size of target (11) File: C:/Users/student/Documents/event-vault-R/event-vault-R/fpga/rtl/dwt/dwt_2d_level.sv Line: 215
Warning (10230): Verilog HDL assignment warning at dwt_2d_level.sv(224): truncated value with size 32 to match size of target (13) File: C:/Users/student/Documents/event-vault-R/event-vault-R/fpga/rtl/dwt/dwt_2d_level.sv Line: 224
Warning (10230): Verilog HDL assignment warning at dwt_2d_level.sv(242): truncated value with size 32 to match size of target (11) File: C:/Users/student/Documents/event-vault-R/event-vault-R/fpga/rtl/dwt/dwt_2d_level.sv Line: 242
Warning (10230): Verilog HDL assignment warning at dwt_2d_level.sv(243): truncated value with size 32 to match size of target (13) File: C:/Users/student/Documents/event-vault-R/event-vault-R/fpga/rtl/dwt/dwt_2d_level.sv Line: 243
Warning (10230): Verilog HDL assignment warning at dwt_2d_level.sv(253): truncated value with size 32 to match size of target (13) File: C:/Users/student/Documents/event-vault-R/event-vault-R/fpga/rtl/dwt/dwt_2d_level.sv Line: 253
Warning (10230): Verilog HDL assignment warning at dwt_2d_level.sv(256): truncated value with size 32 to match size of target (11) File: C:/Users/student/Documents/event-vault-R/event-vault-R/fpga/rtl/dwt/dwt_2d_level.sv Line: 256
Warning (10230): Verilog HDL assignment warning at dwt_2d_level.sv(260): truncated value with size 32 to match size of target (13) File: C:/Users/student/Documents/event-vault-R/event-vault-R/fpga/rtl/dwt/dwt_2d_level.sv Line: 260
Warning (10230): Verilog HDL assignment warning at dwt_2d_level.sv(267): truncated value with size 32 to match size of target (13) File: C:/Users/student/Documents/event-vault-R/event-vault-R/fpga/rtl/dwt/dwt_2d_level.sv Line: 267
Warning (10230): Verilog HDL assignment warning at dwt_2d_level.sv(286): truncated value with size 32 to match size of target (11) File: C:/Users/student/Documents/event-vault-R/event-vault-R/fpga/rtl/dwt/dwt_2d_level.sv Line: 286
Warning (10230): Verilog HDL assignment warning at dwt_2d_level.sv(287): truncated value with size 32 to match size of target (13) File: C:/Users/student/Documents/event-vault-R/event-vault-R/fpga/rtl/dwt/dwt_2d_level.sv Line: 287
Warning (10230): Verilog HDL assignment warning at dwt_2d_level.sv(290): truncated value with size 32 to match size of target (11) File: C:/Users/student/Documents/event-vault-R/event-vault-R/fpga/rtl/dwt/dwt_2d_level.sv Line: 290
Warning (10230): Verilog HDL assignment warning at dwt_2d_level.sv(292): truncated value with size 32 to match size of target (13) File: C:/Users/student/Documents/event-vault-R/event-vault-R/fpga/rtl/dwt/dwt_2d_level.sv Line: 292
Warning (10230): Verilog HDL assignment warning at dwt_2d_level.sv(294): truncated value with size 32 to match size of target (13) File: C:/Users/student/Documents/event-vault-R/event-vault-R/fpga/rtl/dwt/dwt_2d_level.sv Line: 294
Info (12128): Elaborating entity "dwt_1d_bior" for hierarchy "dwt_2d_top:dwt_inst|dwt_2d_level:level_2|dwt_1d_bior:u_dwt_a" File: C:/Users/student/Documents/event-vault-R/event-vault-R/fpga/rtl/dwt/dwt_2d_level.sv Line: 91
Warning (10230): Verilog HDL assignment warning at dwt_1d_bior.sv(94): truncated value with size 32 to match size of target (13) File: C:/Users/student/Documents/event-vault-R/event-vault-R/fpga/rtl/dwt/dwt_1d_bior.sv Line: 94
Warning (10230): Verilog HDL assignment warning at dwt_1d_bior.sv(101): truncated value with size 32 to match size of target (13) File: C:/Users/student/Documents/event-vault-R/event-vault-R/fpga/rtl/dwt/dwt_1d_bior.sv Line: 101
Warning (10230): Verilog HDL assignment warning at dwt_1d_bior.sv(103): truncated value with size 32 to match size of target (13) File: C:/Users/student/Documents/event-vault-R/event-vault-R/fpga/rtl/dwt/dwt_1d_bior.sv Line: 103
Warning (10230): Verilog HDL assignment warning at dwt_1d_bior.sv(109): truncated value with size 32 to match size of target (11) File: C:/Users/student/Documents/event-vault-R/event-vault-R/fpga/rtl/dwt/dwt_1d_bior.sv Line: 109
Warning (10230): Verilog HDL assignment warning at dwt_1d_bior.sv(111): truncated value with size 32 to match size of target (11) File: C:/Users/student/Documents/event-vault-R/event-vault-R/fpga/rtl/dwt/dwt_1d_bior.sv Line: 111
Warning (10230): Verilog HDL assignment warning at dwt_1d_bior.sv(178): truncated value with size 32 to match size of target (11) File: C:/Users/student/Documents/event-vault-R/event-vault-R/fpga/rtl/dwt/dwt_1d_bior.sv Line: 178
Warning (10230): Verilog HDL assignment warning at dwt_1d_bior.sv(195): truncated value with size 32 to match size of target (11) File: C:/Users/student/Documents/event-vault-R/event-vault-R/fpga/rtl/dwt/dwt_1d_bior.sv Line: 195
Warning (10230): Verilog HDL assignment warning at dwt_1d_bior.sv(210): truncated value with size 32 to match size of target (4) File: C:/Users/student/Documents/event-vault-R/event-vault-R/fpga/rtl/dwt/dwt_1d_bior.sv Line: 210
Warning (10230): Verilog HDL assignment warning at dwt_1d_bior.sv(232): truncated value with size 64 to match size of target (32) File: C:/Users/student/Documents/event-vault-R/event-vault-R/fpga/rtl/dwt/dwt_1d_bior.sv Line: 232
Warning (10230): Verilog HDL assignment warning at dwt_1d_bior.sv(233): truncated value with size 64 to match size of target (32) File: C:/Users/student/Documents/event-vault-R/event-vault-R/fpga/rtl/dwt/dwt_1d_bior.sv Line: 233
Warning (10230): Verilog HDL assignment warning at dwt_1d_bior.sv(240): truncated value with size 32 to match size of target (11) File: C:/Users/student/Documents/event-vault-R/event-vault-R/fpga/rtl/dwt/dwt_1d_bior.sv Line: 240
Info (12128): Elaborating entity "dwt_2d_level" for hierarchy "dwt_2d_top:dwt_inst|dwt_2d_level:level_3" File: C:/Users/student/Documents/event-vault-R/event-vault-R/fpga/rtl/dwt/dwt_2d_top.sv Line: 130
Warning (10230): Verilog HDL assignment warning at dwt_2d_level.sv(159): truncated value with size 32 to match size of target (11) File: C:/Users/student/Documents/event-vault-R/event-vault-R/fpga/rtl/dwt/dwt_2d_level.sv Line: 159
Warning (10230): Verilog HDL assignment warning at dwt_2d_level.sv(166): truncated value with size 32 to match size of target (11) File: C:/Users/student/Documents/event-vault-R/event-vault-R/fpga/rtl/dwt/dwt_2d_level.sv Line: 166
Warning (10230): Verilog HDL assignment warning at dwt_2d_level.sv(171): truncated value with size 32 to match size of target (11) File: C:/Users/student/Documents/event-vault-R/event-vault-R/fpga/rtl/dwt/dwt_2d_level.sv Line: 171
Warning (10230): Verilog HDL assignment warning at dwt_2d_level.sv(180): truncated value with size 32 to match size of target (11) File: C:/Users/student/Documents/event-vault-R/event-vault-R/fpga/rtl/dwt/dwt_2d_level.sv Line: 180
Warning (10230): Verilog HDL assignment warning at dwt_2d_level.sv(181): truncated value with size 32 to match size of target (11) File: C:/Users/student/Documents/event-vault-R/event-vault-R/fpga/rtl/dwt/dwt_2d_level.sv Line: 181
Warning (10230): Verilog HDL assignment warning at dwt_2d_level.sv(212): truncated value with size 32 to match size of target (13) File: C:/Users/student/Documents/event-vault-R/event-vault-R/fpga/rtl/dwt/dwt_2d_level.sv Line: 212
Warning (10230): Verilog HDL assignment warning at dwt_2d_level.sv(215): truncated value with size 32 to match size of target (11) File: C:/Users/student/Documents/event-vault-R/event-vault-R/fpga/rtl/dwt/dwt_2d_level.sv Line: 215
Warning (10230): Verilog HDL assignment warning at dwt_2d_level.sv(224): truncated value with size 32 to match size of target (13) File: C:/Users/student/Documents/event-vault-R/event-vault-R/fpga/rtl/dwt/dwt_2d_level.sv Line: 224
Warning (10230): Verilog HDL assignment warning at dwt_2d_level.sv(242): truncated value with size 32 to match size of target (11) File: C:/Users/student/Documents/event-vault-R/event-vault-R/fpga/rtl/dwt/dwt_2d_level.sv Line: 242
Warning (10230): Verilog HDL assignment warning at dwt_2d_level.sv(243): truncated value with size 32 to match size of target (13) File: C:/Users/student/Documents/event-vault-R/event-vault-R/fpga/rtl/dwt/dwt_2d_level.sv Line: 243
Warning (10230): Verilog HDL assignment warning at dwt_2d_level.sv(253): truncated value with size 32 to match size of target (13) File: C:/Users/student/Documents/event-vault-R/event-vault-R/fpga/rtl/dwt/dwt_2d_level.sv Line: 253
Warning (10230): Verilog HDL assignment warning at dwt_2d_level.sv(256): truncated value with size 32 to match size of target (11) File: C:/Users/student/Documents/event-vault-R/event-vault-R/fpga/rtl/dwt/dwt_2d_level.sv Line: 256
Warning (10230): Verilog HDL assignment warning at dwt_2d_level.sv(260): truncated value with size 32 to match size of target (13) File: C:/Users/student/Documents/event-vault-R/event-vault-R/fpga/rtl/dwt/dwt_2d_level.sv Line: 260
Warning (10230): Verilog HDL assignment warning at dwt_2d_level.sv(267): truncated value with size 32 to match size of target (13) File: C:/Users/student/Documents/event-vault-R/event-vault-R/fpga/rtl/dwt/dwt_2d_level.sv Line: 267
Warning (10230): Verilog HDL assignment warning at dwt_2d_level.sv(286): truncated value with size 32 to match size of target (11) File: C:/Users/student/Documents/event-vault-R/event-vault-R/fpga/rtl/dwt/dwt_2d_level.sv Line: 286
Warning (10230): Verilog HDL assignment warning at dwt_2d_level.sv(287): truncated value with size 32 to match size of target (13) File: C:/Users/student/Documents/event-vault-R/event-vault-R/fpga/rtl/dwt/dwt_2d_level.sv Line: 287
Warning (10230): Verilog HDL assignment warning at dwt_2d_level.sv(290): truncated value with size 32 to match size of target (11) File: C:/Users/student/Documents/event-vault-R/event-vault-R/fpga/rtl/dwt/dwt_2d_level.sv Line: 290
Warning (10230): Verilog HDL assignment warning at dwt_2d_level.sv(292): truncated value with size 32 to match size of target (13) File: C:/Users/student/Documents/event-vault-R/event-vault-R/fpga/rtl/dwt/dwt_2d_level.sv Line: 292
Warning (10230): Verilog HDL assignment warning at dwt_2d_level.sv(294): truncated value with size 32 to match size of target (13) File: C:/Users/student/Documents/event-vault-R/event-vault-R/fpga/rtl/dwt/dwt_2d_level.sv Line: 294
Info (12128): Elaborating entity "dwt_1d_bior" for hierarchy "dwt_2d_top:dwt_inst|dwt_2d_level:level_3|dwt_1d_bior:u_dwt_a" File: C:/Users/student/Documents/event-vault-R/event-vault-R/fpga/rtl/dwt/dwt_2d_level.sv Line: 91
Warning (10230): Verilog HDL assignment warning at dwt_1d_bior.sv(94): truncated value with size 32 to match size of target (13) File: C:/Users/student/Documents/event-vault-R/event-vault-R/fpga/rtl/dwt/dwt_1d_bior.sv Line: 94
Warning (10230): Verilog HDL assignment warning at dwt_1d_bior.sv(101): truncated value with size 32 to match size of target (13) File: C:/Users/student/Documents/event-vault-R/event-vault-R/fpga/rtl/dwt/dwt_1d_bior.sv Line: 101
Warning (10230): Verilog HDL assignment warning at dwt_1d_bior.sv(103): truncated value with size 32 to match size of target (13) File: C:/Users/student/Documents/event-vault-R/event-vault-R/fpga/rtl/dwt/dwt_1d_bior.sv Line: 103
Warning (10230): Verilog HDL assignment warning at dwt_1d_bior.sv(109): truncated value with size 32 to match size of target (11) File: C:/Users/student/Documents/event-vault-R/event-vault-R/fpga/rtl/dwt/dwt_1d_bior.sv Line: 109
Warning (10230): Verilog HDL assignment warning at dwt_1d_bior.sv(111): truncated value with size 32 to match size of target (11) File: C:/Users/student/Documents/event-vault-R/event-vault-R/fpga/rtl/dwt/dwt_1d_bior.sv Line: 111
Warning (10230): Verilog HDL assignment warning at dwt_1d_bior.sv(178): truncated value with size 32 to match size of target (11) File: C:/Users/student/Documents/event-vault-R/event-vault-R/fpga/rtl/dwt/dwt_1d_bior.sv Line: 178
Warning (10230): Verilog HDL assignment warning at dwt_1d_bior.sv(195): truncated value with size 32 to match size of target (11) File: C:/Users/student/Documents/event-vault-R/event-vault-R/fpga/rtl/dwt/dwt_1d_bior.sv Line: 195
Warning (10230): Verilog HDL assignment warning at dwt_1d_bior.sv(210): truncated value with size 32 to match size of target (4) File: C:/Users/student/Documents/event-vault-R/event-vault-R/fpga/rtl/dwt/dwt_1d_bior.sv Line: 210
Warning (10230): Verilog HDL assignment warning at dwt_1d_bior.sv(232): truncated value with size 64 to match size of target (32) File: C:/Users/student/Documents/event-vault-R/event-vault-R/fpga/rtl/dwt/dwt_1d_bior.sv Line: 232
Warning (10230): Verilog HDL assignment warning at dwt_1d_bior.sv(233): truncated value with size 64 to match size of target (32) File: C:/Users/student/Documents/event-vault-R/event-vault-R/fpga/rtl/dwt/dwt_1d_bior.sv Line: 233
Warning (10230): Verilog HDL assignment warning at dwt_1d_bior.sv(240): truncated value with size 32 to match size of target (11) File: C:/Users/student/Documents/event-vault-R/event-vault-R/fpga/rtl/dwt/dwt_1d_bior.sv Line: 240
Info (12128): Elaborating entity "science_guardrail" for hierarchy "science_guardrail:guardrail_inst" File: C:/Users/student/Documents/event-vault-R/event-vault-R/fpga/rtl/evaultr_top.sv Line: 159
Warning (10230): Verilog HDL assignment warning at science_guardrail.sv(115): truncated value with size 32 to match size of target (10) File: C:/Users/student/Documents/event-vault-R/event-vault-R/fpga/rtl/guardrail/science_guardrail.sv Line: 115
Warning (10230): Verilog HDL assignment warning at science_guardrail.sv(116): truncated value with size 32 to match size of target (10) File: C:/Users/student/Documents/event-vault-R/event-vault-R/fpga/rtl/guardrail/science_guardrail.sv Line: 116
Warning (10230): Verilog HDL assignment warning at science_guardrail.sv(140): truncated value with size 33 to match size of target (32) File: C:/Users/student/Documents/event-vault-R/event-vault-R/fpga/rtl/guardrail/science_guardrail.sv Line: 140
Info (10008): Verilog HDL or VHDL information: EDA Netlist Writer cannot regroup multidimensional array "win" into its bus
Info (12128): Elaborating entity "line_buffer" for hierarchy "science_guardrail:guardrail_inst|line_buffer:lb5" File: C:/Users/student/Documents/event-vault-R/event-vault-R/fpga/rtl/guardrail/science_guardrail.sv Line: 84
Warning (10230): Verilog HDL assignment warning at line_buffer.sv(95): truncated value with size 32 to match size of target (3) File: C:/Users/student/Documents/event-vault-R/event-vault-R/fpga/rtl/buffers/line_buffer.sv Line: 95
Info (10008): Verilog HDL or VHDL information: EDA Netlist Writer cannot regroup multidimensional array "mem" into its bus
Info (19000): Inferred 11 megafunctions from design logic
    Info (276029): Inferred altsyncram megafunction from the following design logic: "dwt_2d_top:dwt_inst|ll1_buf_rtl_0" 
        Info (286033): Parameter OPERATION_MODE set to DUAL_PORT
        Info (286033): Parameter WIDTH_A set to 32
        Info (286033): Parameter WIDTHAD_A set to 11
        Info (286033): Parameter NUMWORDS_A set to 1296
        Info (286033): Parameter WIDTH_B set to 32
        Info (286033): Parameter WIDTHAD_B set to 11
        Info (286033): Parameter NUMWORDS_B set to 1296
        Info (286033): Parameter ADDRESS_ACLR_A set to NONE
        Info (286033): Parameter OUTDATA_REG_B set to UNREGISTERED
        Info (286033): Parameter ADDRESS_ACLR_B set to NONE
        Info (286033): Parameter OUTDATA_ACLR_B set to NONE
        Info (286033): Parameter ADDRESS_REG_B set to CLOCK0
        Info (286033): Parameter INDATA_ACLR_A set to NONE
        Info (286033): Parameter WRCONTROL_ACLR_A set to NONE
        Info (286033): Parameter RAM_BLOCK_TYPE set to M10K
        Info (286033): Parameter READ_DURING_WRITE_MODE_MIXED_PORTS set to OLD_DATA
    Info (276029): Inferred altsyncram megafunction from the following design logic: "dwt_2d_top:dwt_inst|ll2_buf_rtl_0" 
        Info (286033): Parameter OPERATION_MODE set to DUAL_PORT
        Info (286033): Parameter WIDTH_A set to 32
        Info (286033): Parameter WIDTHAD_A set to 9
        Info (286033): Parameter NUMWORDS_A set to 484
        Info (286033): Parameter WIDTH_B set to 32
        Info (286033): Parameter WIDTHAD_B set to 9
        Info (286033): Parameter NUMWORDS_B set to 484
        Info (286033): Parameter ADDRESS_ACLR_A set to NONE
        Info (286033): Parameter OUTDATA_REG_B set to UNREGISTERED
        Info (286033): Parameter ADDRESS_ACLR_B set to NONE
        Info (286033): Parameter OUTDATA_ACLR_B set to NONE
        Info (286033): Parameter ADDRESS_REG_B set to CLOCK0
        Info (286033): Parameter INDATA_ACLR_A set to NONE
        Info (286033): Parameter WRCONTROL_ACLR_A set to NONE
        Info (286033): Parameter RAM_BLOCK_TYPE set to M10K
        Info (286033): Parameter READ_DURING_WRITE_MODE_MIXED_PORTS set to OLD_DATA
    Info (276029): Inferred altsyncram megafunction from the following design logic: "dwt_2d_top:dwt_inst|dwt_2d_level:level_3|L_rows_rtl_0" 
        Info (286033): Parameter OPERATION_MODE set to DUAL_PORT
        Info (286033): Parameter WIDTH_A set to 32
        Info (286033): Parameter WIDTHAD_A set to 9
        Info (286033): Parameter NUMWORDS_A set to 330
        Info (286033): Parameter WIDTH_B set to 32
        Info (286033): Parameter WIDTHAD_B set to 9
        Info (286033): Parameter NUMWORDS_B set to 330
        Info (286033): Parameter ADDRESS_ACLR_A set to NONE
        Info (286033): Parameter OUTDATA_REG_B set to UNREGISTERED
        Info (286033): Parameter ADDRESS_ACLR_B set to NONE
        Info (286033): Parameter OUTDATA_ACLR_B set to NONE
        Info (286033): Parameter ADDRESS_REG_B set to CLOCK0
        Info (286033): Parameter INDATA_ACLR_A set to NONE
        Info (286033): Parameter WRCONTROL_ACLR_A set to NONE
        Info (286033): Parameter RAM_BLOCK_TYPE set to M10K
        Info (286033): Parameter READ_DURING_WRITE_MODE_MIXED_PORTS set to OLD_DATA
    Info (276029): Inferred altsyncram megafunction from the following design logic: "dwt_2d_top:dwt_inst|dwt_2d_level:level_3|res_LL_rtl_0" 
        Info (286033): Parameter OPERATION_MODE set to DUAL_PORT
        Info (286033): Parameter WIDTH_A set to 32
        Info (286033): Parameter WIDTHAD_A set to 8
        Info (286033): Parameter NUMWORDS_A set to 225
        Info (286033): Parameter WIDTH_B set to 32
        Info (286033): Parameter WIDTHAD_B set to 8
        Info (286033): Parameter NUMWORDS_B set to 225
        Info (286033): Parameter ADDRESS_ACLR_A set to NONE
        Info (286033): Parameter OUTDATA_REG_B set to UNREGISTERED
        Info (286033): Parameter ADDRESS_ACLR_B set to NONE
        Info (286033): Parameter OUTDATA_ACLR_B set to NONE
        Info (286033): Parameter ADDRESS_REG_B set to CLOCK0
        Info (286033): Parameter INDATA_ACLR_A set to NONE
        Info (286033): Parameter WRCONTROL_ACLR_A set to NONE
        Info (286033): Parameter RAM_BLOCK_TYPE set to M10K
        Info (286033): Parameter READ_DURING_WRITE_MODE_MIXED_PORTS set to OLD_DATA
    Info (276029): Inferred altsyncram megafunction from the following design logic: "dwt_2d_top:dwt_inst|dwt_2d_level:level_3|dwt_1d_bior:u_dwt_a|x_buf_rtl_0" 
        Info (286033): Parameter OPERATION_MODE set to DUAL_PORT
        Info (286033): Parameter WIDTH_A set to 32
        Info (286033): Parameter WIDTHAD_A set to 5
        Info (286033): Parameter NUMWORDS_A set to 22
        Info (286033): Parameter WIDTH_B set to 32
        Info (286033): Parameter WIDTHAD_B set to 5
        Info (286033): Parameter NUMWORDS_B set to 22
        Info (286033): Parameter ADDRESS_ACLR_A set to NONE
        Info (286033): Parameter OUTDATA_REG_B set to UNREGISTERED
        Info (286033): Parameter ADDRESS_ACLR_B set to NONE
        Info (286033): Parameter OUTDATA_ACLR_B set to NONE
        Info (286033): Parameter ADDRESS_REG_B set to CLOCK0
        Info (286033): Parameter INDATA_ACLR_A set to NONE
        Info (286033): Parameter WRCONTROL_ACLR_A set to NONE
        Info (286033): Parameter RAM_BLOCK_TYPE set to M10K
        Info (286033): Parameter READ_DURING_WRITE_MODE_MIXED_PORTS set to OLD_DATA
    Info (276029): Inferred altsyncram megafunction from the following design logic: "dwt_2d_top:dwt_inst|dwt_2d_level:level_2|L_rows_rtl_0" 
        Info (286033): Parameter OPERATION_MODE set to DUAL_PORT
        Info (286033): Parameter WIDTH_A set to 32
        Info (286033): Parameter WIDTHAD_A set to 10
        Info (286033): Parameter NUMWORDS_A set to 792
        Info (286033): Parameter WIDTH_B set to 32
        Info (286033): Parameter WIDTHAD_B set to 10
        Info (286033): Parameter NUMWORDS_B set to 792
        Info (286033): Parameter ADDRESS_ACLR_A set to NONE
        Info (286033): Parameter OUTDATA_REG_B set to UNREGISTERED
        Info (286033): Parameter ADDRESS_ACLR_B set to NONE
        Info (286033): Parameter OUTDATA_ACLR_B set to NONE
        Info (286033): Parameter ADDRESS_REG_B set to CLOCK0
        Info (286033): Parameter INDATA_ACLR_A set to NONE
        Info (286033): Parameter WRCONTROL_ACLR_A set to NONE
        Info (286033): Parameter RAM_BLOCK_TYPE set to M10K
        Info (286033): Parameter READ_DURING_WRITE_MODE_MIXED_PORTS set to OLD_DATA
    Info (276029): Inferred altsyncram megafunction from the following design logic: "dwt_2d_top:dwt_inst|dwt_2d_level:level_2|res_LL_rtl_0" 
        Info (286033): Parameter OPERATION_MODE set to DUAL_PORT
        Info (286033): Parameter WIDTH_A set to 32
        Info (286033): Parameter WIDTHAD_A set to 9
        Info (286033): Parameter NUMWORDS_A set to 484
        Info (286033): Parameter WIDTH_B set to 32
        Info (286033): Parameter WIDTHAD_B set to 9
        Info (286033): Parameter NUMWORDS_B set to 484
        Info (286033): Parameter ADDRESS_ACLR_A set to NONE
        Info (286033): Parameter OUTDATA_REG_B set to UNREGISTERED
        Info (286033): Parameter ADDRESS_ACLR_B set to NONE
        Info (286033): Parameter OUTDATA_ACLR_B set to NONE
        Info (286033): Parameter ADDRESS_REG_B set to CLOCK0
        Info (286033): Parameter INDATA_ACLR_A set to NONE
        Info (286033): Parameter WRCONTROL_ACLR_A set to NONE
        Info (286033): Parameter RAM_BLOCK_TYPE set to M10K
        Info (286033): Parameter READ_DURING_WRITE_MODE_MIXED_PORTS set to OLD_DATA
    Info (276029): Inferred altsyncram megafunction from the following design logic: "dwt_2d_top:dwt_inst|dwt_2d_level:level_2|dwt_1d_bior:u_dwt_a|x_buf_rtl_0" 
        Info (286033): Parameter OPERATION_MODE set to DUAL_PORT
        Info (286033): Parameter WIDTH_A set to 32
        Info (286033): Parameter WIDTHAD_A set to 6
        Info (286033): Parameter NUMWORDS_A set to 36
        Info (286033): Parameter WIDTH_B set to 32
        Info (286033): Parameter WIDTHAD_B set to 6
        Info (286033): Parameter NUMWORDS_B set to 36
        Info (286033): Parameter ADDRESS_ACLR_A set to NONE
        Info (286033): Parameter OUTDATA_REG_B set to UNREGISTERED
        Info (286033): Parameter ADDRESS_ACLR_B set to NONE
        Info (286033): Parameter OUTDATA_ACLR_B set to NONE
        Info (286033): Parameter ADDRESS_REG_B set to CLOCK0
        Info (286033): Parameter INDATA_ACLR_A set to NONE
        Info (286033): Parameter WRCONTROL_ACLR_A set to NONE
        Info (286033): Parameter RAM_BLOCK_TYPE set to M10K
        Info (286033): Parameter READ_DURING_WRITE_MODE_MIXED_PORTS set to OLD_DATA
    Info (276029): Inferred altsyncram megafunction from the following design logic: "dwt_2d_top:dwt_inst|dwt_2d_level:level_1|L_rows_rtl_0" 
        Info (286033): Parameter OPERATION_MODE set to DUAL_PORT
        Info (286033): Parameter WIDTH_A set to 32
        Info (286033): Parameter WIDTHAD_A set to 12
        Info (286033): Parameter NUMWORDS_A set to 2304
        Info (286033): Parameter WIDTH_B set to 32
        Info (286033): Parameter WIDTHAD_B set to 12
        Info (286033): Parameter NUMWORDS_B set to 2304
        Info (286033): Parameter ADDRESS_ACLR_A set to NONE
        Info (286033): Parameter OUTDATA_REG_B set to UNREGISTERED
        Info (286033): Parameter ADDRESS_ACLR_B set to NONE
        Info (286033): Parameter OUTDATA_ACLR_B set to NONE
        Info (286033): Parameter ADDRESS_REG_B set to CLOCK0
        Info (286033): Parameter INDATA_ACLR_A set to NONE
        Info (286033): Parameter WRCONTROL_ACLR_A set to NONE
        Info (286033): Parameter RAM_BLOCK_TYPE set to M10K
        Info (286033): Parameter READ_DURING_WRITE_MODE_MIXED_PORTS set to OLD_DATA
    Info (276029): Inferred altsyncram megafunction from the following design logic: "dwt_2d_top:dwt_inst|dwt_2d_level:level_1|res_LL_rtl_0" 
        Info (286033): Parameter OPERATION_MODE set to DUAL_PORT
        Info (286033): Parameter WIDTH_A set to 32
        Info (286033): Parameter WIDTHAD_A set to 11
        Info (286033): Parameter NUMWORDS_A set to 1296
        Info (286033): Parameter WIDTH_B set to 32
        Info (286033): Parameter WIDTHAD_B set to 11
        Info (286033): Parameter NUMWORDS_B set to 1296
        Info (286033): Parameter ADDRESS_ACLR_A set to NONE
        Info (286033): Parameter OUTDATA_REG_B set to UNREGISTERED
        Info (286033): Parameter ADDRESS_ACLR_B set to NONE
        Info (286033): Parameter OUTDATA_ACLR_B set to NONE
        Info (286033): Parameter ADDRESS_REG_B set to CLOCK0
        Info (286033): Parameter INDATA_ACLR_A set to NONE
        Info (286033): Parameter WRCONTROL_ACLR_A set to NONE
        Info (286033): Parameter RAM_BLOCK_TYPE set to M10K
        Info (286033): Parameter READ_DURING_WRITE_MODE_MIXED_PORTS set to OLD_DATA
    Info (276029): Inferred altsyncram megafunction from the following design logic: "dwt_2d_top:dwt_inst|dwt_2d_level:level_1|dwt_1d_bior:u_dwt_a|x_buf_rtl_0" 
        Info (286033): Parameter OPERATION_MODE set to DUAL_PORT
        Info (286033): Parameter WIDTH_A set to 32
        Info (286033): Parameter WIDTHAD_A set to 6
        Info (286033): Parameter NUMWORDS_A set to 64
        Info (286033): Parameter WIDTH_B set to 32
        Info (286033): Parameter WIDTHAD_B set to 6
        Info (286033): Parameter NUMWORDS_B set to 64
        Info (286033): Parameter ADDRESS_ACLR_A set to NONE
        Info (286033): Parameter OUTDATA_REG_B set to UNREGISTERED
        Info (286033): Parameter ADDRESS_ACLR_B set to NONE
        Info (286033): Parameter OUTDATA_ACLR_B set to NONE
        Info (286033): Parameter ADDRESS_REG_B set to CLOCK0
        Info (286033): Parameter INDATA_ACLR_A set to NONE
        Info (286033): Parameter WRCONTROL_ACLR_A set to NONE
        Info (286033): Parameter RAM_BLOCK_TYPE set to M10K
        Info (286033): Parameter READ_DURING_WRITE_MODE_MIXED_PORTS set to OLD_DATA
Info (12130): Elaborated megafunction instantiation "dwt_2d_top:dwt_inst|altsyncram:ll1_buf_rtl_0"
Info (12133): Instantiated megafunction "dwt_2d_top:dwt_inst|altsyncram:ll1_buf_rtl_0" with the following parameter:
    Info (12134): Parameter "OPERATION_MODE" = "DUAL_PORT"
    Info (12134): Parameter "WIDTH_A" = "32"
    Info (12134): Parameter "WIDTHAD_A" = "11"
    Info (12134): Parameter "NUMWORDS_A" = "1296"
    Info (12134): Parameter "WIDTH_B" = "32"
    Info (12134): Parameter "WIDTHAD_B" = "11"
    Info (12134): Parameter "NUMWORDS_B" = "1296"
    Info (12134): Parameter "ADDRESS_ACLR_A" = "NONE"
    Info (12134): Parameter "OUTDATA_REG_B" = "UNREGISTERED"
    Info (12134): Parameter "ADDRESS_ACLR_B" = "NONE"
    Info (12134): Parameter "OUTDATA_ACLR_B" = "NONE"
    Info (12134): Parameter "ADDRESS_REG_B" = "CLOCK0"
    Info (12134): Parameter "INDATA_ACLR_A" = "NONE"
    Info (12134): Parameter "WRCONTROL_ACLR_A" = "NONE"
    Info (12134): Parameter "RAM_BLOCK_TYPE" = "M10K"
    Info (12134): Parameter "READ_DURING_WRITE_MODE_MIXED_PORTS" = "OLD_DATA"
Info (12021): Found 1 design units, including 1 entities, in source file db/altsyncram_n9p1.tdf
    Info (12023): Found entity 1: altsyncram_n9p1 File: C:/Users/student/Documents/event-vault-R/event-vault-R/fpga/quartus/db/altsyncram_n9p1.tdf Line: 28
Info (12130): Elaborated megafunction instantiation "dwt_2d_top:dwt_inst|altsyncram:ll2_buf_rtl_0"
Info (12133): Instantiated megafunction "dwt_2d_top:dwt_inst|altsyncram:ll2_buf_rtl_0" with the following parameter:
    Info (12134): Parameter "OPERATION_MODE" = "DUAL_PORT"
    Info (12134): Parameter "WIDTH_A" = "32"
    Info (12134): Parameter "WIDTHAD_A" = "9"
    Info (12134): Parameter "NUMWORDS_A" = "484"
    Info (12134): Parameter "WIDTH_B" = "32"
    Info (12134): Parameter "WIDTHAD_B" = "9"
    Info (12134): Parameter "NUMWORDS_B" = "484"
    Info (12134): Parameter "ADDRESS_ACLR_A" = "NONE"
    Info (12134): Parameter "OUTDATA_REG_B" = "UNREGISTERED"
    Info (12134): Parameter "ADDRESS_ACLR_B" = "NONE"
    Info (12134): Parameter "OUTDATA_ACLR_B" = "NONE"
    Info (12134): Parameter "ADDRESS_REG_B" = "CLOCK0"
    Info (12134): Parameter "INDATA_ACLR_A" = "NONE"
    Info (12134): Parameter "WRCONTROL_ACLR_A" = "NONE"
    Info (12134): Parameter "RAM_BLOCK_TYPE" = "M10K"
    Info (12134): Parameter "READ_DURING_WRITE_MODE_MIXED_PORTS" = "OLD_DATA"
Info (12021): Found 1 design units, including 1 entities, in source file db/altsyncram_14p1.tdf
    Info (12023): Found entity 1: altsyncram_14p1 File: C:/Users/student/Documents/event-vault-R/event-vault-R/fpga/quartus/db/altsyncram_14p1.tdf Line: 28
Info (12130): Elaborated megafunction instantiation "dwt_2d_top:dwt_inst|dwt_2d_level:level_3|altsyncram:L_rows_rtl_0"
Info (12133): Instantiated megafunction "dwt_2d_top:dwt_inst|dwt_2d_level:level_3|altsyncram:L_rows_rtl_0" with the following parameter:
    Info (12134): Parameter "OPERATION_MODE" = "DUAL_PORT"
    Info (12134): Parameter "WIDTH_A" = "32"
    Info (12134): Parameter "WIDTHAD_A" = "9"
    Info (12134): Parameter "NUMWORDS_A" = "330"
    Info (12134): Parameter "WIDTH_B" = "32"
    Info (12134): Parameter "WIDTHAD_B" = "9"
    Info (12134): Parameter "NUMWORDS_B" = "330"
    Info (12134): Parameter "ADDRESS_ACLR_A" = "NONE"
    Info (12134): Parameter "OUTDATA_REG_B" = "UNREGISTERED"
    Info (12134): Parameter "ADDRESS_ACLR_B" = "NONE"
    Info (12134): Parameter "OUTDATA_ACLR_B" = "NONE"
    Info (12134): Parameter "ADDRESS_REG_B" = "CLOCK0"
    Info (12134): Parameter "INDATA_ACLR_A" = "NONE"
    Info (12134): Parameter "WRCONTROL_ACLR_A" = "NONE"
    Info (12134): Parameter "RAM_BLOCK_TYPE" = "M10K"
    Info (12134): Parameter "READ_DURING_WRITE_MODE_MIXED_PORTS" = "OLD_DATA"
Info (12021): Found 1 design units, including 1 entities, in source file db/altsyncram_d3p1.tdf
    Info (12023): Found entity 1: altsyncram_d3p1 File: C:/Users/student/Documents/event-vault-R/event-vault-R/fpga/quartus/db/altsyncram_d3p1.tdf Line: 28
Info (12130): Elaborated megafunction instantiation "dwt_2d_top:dwt_inst|dwt_2d_level:level_3|altsyncram:res_LL_rtl_0"
Info (12133): Instantiated megafunction "dwt_2d_top:dwt_inst|dwt_2d_level:level_3|altsyncram:res_LL_rtl_0" with the following parameter:
    Info (12134): Parameter "OPERATION_MODE" = "DUAL_PORT"
    Info (12134): Parameter "WIDTH_A" = "32"
    Info (12134): Parameter "WIDTHAD_A" = "8"
    Info (12134): Parameter "NUMWORDS_A" = "225"
    Info (12134): Parameter "WIDTH_B" = "32"
    Info (12134): Parameter "WIDTHAD_B" = "8"
    Info (12134): Parameter "NUMWORDS_B" = "225"
    Info (12134): Parameter "ADDRESS_ACLR_A" = "NONE"
    Info (12134): Parameter "OUTDATA_REG_B" = "UNREGISTERED"
    Info (12134): Parameter "ADDRESS_ACLR_B" = "NONE"
    Info (12134): Parameter "OUTDATA_ACLR_B" = "NONE"
    Info (12134): Parameter "ADDRESS_REG_B" = "CLOCK0"
    Info (12134): Parameter "INDATA_ACLR_A" = "NONE"
    Info (12134): Parameter "WRCONTROL_ACLR_A" = "NONE"
    Info (12134): Parameter "RAM_BLOCK_TYPE" = "M10K"
    Info (12134): Parameter "READ_DURING_WRITE_MODE_MIXED_PORTS" = "OLD_DATA"
Info (12021): Found 1 design units, including 1 entities, in source file db/altsyncram_h3p1.tdf
    Info (12023): Found entity 1: altsyncram_h3p1 File: C:/Users/student/Documents/event-vault-R/event-vault-R/fpga/quartus/db/altsyncram_h3p1.tdf Line: 28
Info (12130): Elaborated megafunction instantiation "dwt_2d_top:dwt_inst|dwt_2d_level:level_3|dwt_1d_bior:u_dwt_a|altsyncram:x_buf_rtl_0"
Info (12133): Instantiated megafunction "dwt_2d_top:dwt_inst|dwt_2d_level:level_3|dwt_1d_bior:u_dwt_a|altsyncram:x_buf_rtl_0" with the following parameter:
    Info (12134): Parameter "OPERATION_MODE" = "DUAL_PORT"
    Info (12134): Parameter "WIDTH_A" = "32"
    Info (12134): Parameter "WIDTHAD_A" = "5"
    Info (12134): Parameter "NUMWORDS_A" = "22"
    Info (12134): Parameter "WIDTH_B" = "32"
    Info (12134): Parameter "WIDTHAD_B" = "5"
    Info (12134): Parameter "NUMWORDS_B" = "22"
    Info (12134): Parameter "ADDRESS_ACLR_A" = "NONE"
    Info (12134): Parameter "OUTDATA_REG_B" = "UNREGISTERED"
    Info (12134): Parameter "ADDRESS_ACLR_B" = "NONE"
    Info (12134): Parameter "OUTDATA_ACLR_B" = "NONE"
    Info (12134): Parameter "ADDRESS_REG_B" = "CLOCK0"
    Info (12134): Parameter "INDATA_ACLR_A" = "NONE"
    Info (12134): Parameter "WRCONTROL_ACLR_A" = "NONE"
    Info (12134): Parameter "RAM_BLOCK_TYPE" = "M10K"
    Info (12134): Parameter "READ_DURING_WRITE_MODE_MIXED_PORTS" = "OLD_DATA"
Info (12021): Found 1 design units, including 1 entities, in source file db/altsyncram_10p1.tdf
    Info (12023): Found entity 1: altsyncram_10p1 File: C:/Users/student/Documents/event-vault-R/event-vault-R/fpga/quartus/db/altsyncram_10p1.tdf Line: 28
Info (12130): Elaborated megafunction instantiation "dwt_2d_top:dwt_inst|dwt_2d_level:level_2|altsyncram:L_rows_rtl_0"
Info (12133): Instantiated megafunction "dwt_2d_top:dwt_inst|dwt_2d_level:level_2|altsyncram:L_rows_rtl_0" with the following parameter:
    Info (12134): Parameter "OPERATION_MODE" = "DUAL_PORT"
    Info (12134): Parameter "WIDTH_A" = "32"
    Info (12134): Parameter "WIDTHAD_A" = "10"
    Info (12134): Parameter "NUMWORDS_A" = "792"
    Info (12134): Parameter "WIDTH_B" = "32"
    Info (12134): Parameter "WIDTHAD_B" = "10"
    Info (12134): Parameter "NUMWORDS_B" = "792"
    Info (12134): Parameter "ADDRESS_ACLR_A" = "NONE"
    Info (12134): Parameter "OUTDATA_REG_B" = "UNREGISTERED"
    Info (12134): Parameter "ADDRESS_ACLR_B" = "NONE"
    Info (12134): Parameter "OUTDATA_ACLR_B" = "NONE"
    Info (12134): Parameter "ADDRESS_REG_B" = "CLOCK0"
    Info (12134): Parameter "INDATA_ACLR_A" = "NONE"
    Info (12134): Parameter "WRCONTROL_ACLR_A" = "NONE"
    Info (12134): Parameter "RAM_BLOCK_TYPE" = "M10K"
    Info (12134): Parameter "READ_DURING_WRITE_MODE_MIXED_PORTS" = "OLD_DATA"
Info (12021): Found 1 design units, including 1 entities, in source file db/altsyncram_l6p1.tdf
    Info (12023): Found entity 1: altsyncram_l6p1 File: C:/Users/student/Documents/event-vault-R/event-vault-R/fpga/quartus/db/altsyncram_l6p1.tdf Line: 28
Info (12130): Elaborated megafunction instantiation "dwt_2d_top:dwt_inst|dwt_2d_level:level_2|dwt_1d_bior:u_dwt_a|altsyncram:x_buf_rtl_0"
Info (12133): Instantiated megafunction "dwt_2d_top:dwt_inst|dwt_2d_level:level_2|dwt_1d_bior:u_dwt_a|altsyncram:x_buf_rtl_0" with the following parameter:
    Info (12134): Parameter "OPERATION_MODE" = "DUAL_PORT"
    Info (12134): Parameter "WIDTH_A" = "32"
    Info (12134): Parameter "WIDTHAD_A" = "6"
    Info (12134): Parameter "NUMWORDS_A" = "36"
    Info (12134): Parameter "WIDTH_B" = "32"
    Info (12134): Parameter "WIDTHAD_B" = "6"
    Info (12134): Parameter "NUMWORDS_B" = "36"
    Info (12134): Parameter "ADDRESS_ACLR_A" = "NONE"
    Info (12134): Parameter "OUTDATA_REG_B" = "UNREGISTERED"
    Info (12134): Parameter "ADDRESS_ACLR_B" = "NONE"
    Info (12134): Parameter "OUTDATA_ACLR_B" = "NONE"
    Info (12134): Parameter "ADDRESS_REG_B" = "CLOCK0"
    Info (12134): Parameter "INDATA_ACLR_A" = "NONE"
    Info (12134): Parameter "WRCONTROL_ACLR_A" = "NONE"
    Info (12134): Parameter "RAM_BLOCK_TYPE" = "M10K"
    Info (12134): Parameter "READ_DURING_WRITE_MODE_MIXED_PORTS" = "OLD_DATA"
Info (12021): Found 1 design units, including 1 entities, in source file db/altsyncram_d0p1.tdf
    Info (12023): Found entity 1: altsyncram_d0p1 File: C:/Users/student/Documents/event-vault-R/event-vault-R/fpga/quartus/db/altsyncram_d0p1.tdf Line: 28
Info (12130): Elaborated megafunction instantiation "dwt_2d_top:dwt_inst|dwt_2d_level:level_1|altsyncram:L_rows_rtl_0"
Info (12133): Instantiated megafunction "dwt_2d_top:dwt_inst|dwt_2d_level:level_1|altsyncram:L_rows_rtl_0" with the following parameter:
    Info (12134): Parameter "OPERATION_MODE" = "DUAL_PORT"
    Info (12134): Parameter "WIDTH_A" = "32"
    Info (12134): Parameter "WIDTHAD_A" = "12"
    Info (12134): Parameter "NUMWORDS_A" = "2304"
    Info (12134): Parameter "WIDTH_B" = "32"
    Info (12134): Parameter "WIDTHAD_B" = "12"
    Info (12134): Parameter "NUMWORDS_B" = "2304"
    Info (12134): Parameter "ADDRESS_ACLR_A" = "NONE"
    Info (12134): Parameter "OUTDATA_REG_B" = "UNREGISTERED"
    Info (12134): Parameter "ADDRESS_ACLR_B" = "NONE"
    Info (12134): Parameter "OUTDATA_ACLR_B" = "NONE"
    Info (12134): Parameter "ADDRESS_REG_B" = "CLOCK0"
    Info (12134): Parameter "INDATA_ACLR_A" = "NONE"
    Info (12134): Parameter "WRCONTROL_ACLR_A" = "NONE"
    Info (12134): Parameter "RAM_BLOCK_TYPE" = "M10K"
    Info (12134): Parameter "READ_DURING_WRITE_MODE_MIXED_PORTS" = "OLD_DATA"
Info (12021): Found 1 design units, including 1 entities, in source file db/altsyncram_79p1.tdf
    Info (12023): Found entity 1: altsyncram_79p1 File: C:/Users/student/Documents/event-vault-R/event-vault-R/fpga/quartus/db/altsyncram_79p1.tdf Line: 28
Info (12130): Elaborated megafunction instantiation "dwt_2d_top:dwt_inst|dwt_2d_level:level_1|dwt_1d_bior:u_dwt_a|altsyncram:x_buf_rtl_0"
Info (12133): Instantiated megafunction "dwt_2d_top:dwt_inst|dwt_2d_level:level_1|dwt_1d_bior:u_dwt_a|altsyncram:x_buf_rtl_0" with the following parameter:
    Info (12134): Parameter "OPERATION_MODE" = "DUAL_PORT"
    Info (12134): Parameter "WIDTH_A" = "32"
    Info (12134): Parameter "WIDTHAD_A" = "6"
    Info (12134): Parameter "NUMWORDS_A" = "64"
    Info (12134): Parameter "WIDTH_B" = "32"
    Info (12134): Parameter "WIDTHAD_B" = "6"
    Info (12134): Parameter "NUMWORDS_B" = "64"
    Info (12134): Parameter "ADDRESS_ACLR_A" = "NONE"
    Info (12134): Parameter "OUTDATA_REG_B" = "UNREGISTERED"
    Info (12134): Parameter "ADDRESS_ACLR_B" = "NONE"
    Info (12134): Parameter "OUTDATA_ACLR_B" = "NONE"
    Info (12134): Parameter "ADDRESS_REG_B" = "CLOCK0"
    Info (12134): Parameter "INDATA_ACLR_A" = "NONE"
    Info (12134): Parameter "WRCONTROL_ACLR_A" = "NONE"
    Info (12134): Parameter "RAM_BLOCK_TYPE" = "M10K"
    Info (12134): Parameter "READ_DURING_WRITE_MODE_MIXED_PORTS" = "OLD_DATA"
Info (12021): Found 1 design units, including 1 entities, in source file db/altsyncram_f0p1.tdf
    Info (12023): Found entity 1: altsyncram_f0p1 File: C:/Users/student/Documents/event-vault-R/event-vault-R/fpga/quartus/db/altsyncram_f0p1.tdf Line: 28
Warning (13024): Output pins are stuck at VCC or GND
    Warning (13410): Pin "s_axi_awready" is stuck at VCC File: C:/Users/student/Documents/event-vault-R/event-vault-R/fpga/rtl/evaultr_top.sv Line: 28
    Warning (13410): Pin "s_axi_wready" is stuck at VCC File: C:/Users/student/Documents/event-vault-R/event-vault-R/fpga/rtl/evaultr_top.sv Line: 32
    Warning (13410): Pin "s_axi_bresp[0]" is stuck at GND File: C:/Users/student/Documents/event-vault-R/event-vault-R/fpga/rtl/evaultr_top.sv Line: 33
    Warning (13410): Pin "s_axi_bresp[1]" is stuck at GND File: C:/Users/student/Documents/event-vault-R/event-vault-R/fpga/rtl/evaultr_top.sv Line: 33
    Warning (13410): Pin "s_axi_arready" is stuck at VCC File: C:/Users/student/Documents/event-vault-R/event-vault-R/fpga/rtl/evaultr_top.sv Line: 38
    Warning (13410): Pin "s_axi_rdata[0]" is stuck at VCC File: C:/Users/student/Documents/event-vault-R/event-vault-R/fpga/rtl/evaultr_top.sv Line: 39
    Warning (13410): Pin "s_axi_rdata[1]" is stuck at VCC File: C:/Users/student/Documents/event-vault-R/event-vault-R/fpga/rtl/evaultr_top.sv Line: 39
    Warning (13410): Pin "s_axi_rdata[2]" is stuck at VCC File: C:/Users/student/Documents/event-vault-R/event-vault-R/fpga/rtl/evaultr_top.sv Line: 39
    Warning (13410): Pin "s_axi_rdata[3]" is stuck at VCC File: C:/Users/student/Documents/event-vault-R/event-vault-R/fpga/rtl/evaultr_top.sv Line: 39
    Warning (13410): Pin "s_axi_rdata[4]" is stuck at GND File: C:/Users/student/Documents/event-vault-R/event-vault-R/fpga/rtl/evaultr_top.sv Line: 39
    Warning (13410): Pin "s_axi_rdata[5]" is stuck at VCC File: C:/Users/student/Documents/event-vault-R/event-vault-R/fpga/rtl/evaultr_top.sv Line: 39
    Warning (13410): Pin "s_axi_rdata[6]" is stuck at VCC File: C:/Users/student/Documents/event-vault-R/event-vault-R/fpga/rtl/evaultr_top.sv Line: 39
    Warning (13410): Pin "s_axi_rdata[7]" is stuck at VCC File: C:/Users/student/Documents/event-vault-R/event-vault-R/fpga/rtl/evaultr_top.sv Line: 39
    Warning (13410): Pin "s_axi_rdata[8]" is stuck at GND File: C:/Users/student/Documents/event-vault-R/event-vault-R/fpga/rtl/evaultr_top.sv Line: 39
    Warning (13410): Pin "s_axi_rdata[9]" is stuck at VCC File: C:/Users/student/Documents/event-vault-R/event-vault-R/fpga/rtl/evaultr_top.sv Line: 39
    Warning (13410): Pin "s_axi_rdata[10]" is stuck at VCC File: C:/Users/student/Documents/event-vault-R/event-vault-R/fpga/rtl/evaultr_top.sv Line: 39
    Warning (13410): Pin "s_axi_rdata[11]" is stuck at VCC File: C:/Users/student/Documents/event-vault-R/event-vault-R/fpga/rtl/evaultr_top.sv Line: 39
    Warning (13410): Pin "s_axi_rdata[12]" is stuck at VCC File: C:/Users/student/Documents/event-vault-R/event-vault-R/fpga/rtl/evaultr_top.sv Line: 39
    Warning (13410): Pin "s_axi_rdata[13]" is stuck at VCC File: C:/Users/student/Documents/event-vault-R/event-vault-R/fpga/rtl/evaultr_top.sv Line: 39
    Warning (13410): Pin "s_axi_rdata[14]" is stuck at GND File: C:/Users/student/Documents/event-vault-R/event-vault-R/fpga/rtl/evaultr_top.sv Line: 39
    Warning (13410): Pin "s_axi_rdata[15]" is stuck at VCC File: C:/Users/student/Documents/event-vault-R/event-vault-R/fpga/rtl/evaultr_top.sv Line: 39
    Warning (13410): Pin "s_axi_rdata[16]" is stuck at VCC File: C:/Users/student/Documents/event-vault-R/event-vault-R/fpga/rtl/evaultr_top.sv Line: 39
    Warning (13410): Pin "s_axi_rdata[17]" is stuck at GND File: C:/Users/student/Documents/event-vault-R/event-vault-R/fpga/rtl/evaultr_top.sv Line: 39
    Warning (13410): Pin "s_axi_rdata[18]" is stuck at VCC File: C:/Users/student/Documents/event-vault-R/event-vault-R/fpga/rtl/evaultr_top.sv Line: 39
    Warning (13410): Pin "s_axi_rdata[19]" is stuck at VCC File: C:/Users/student/Documents/event-vault-R/event-vault-R/fpga/rtl/evaultr_top.sv Line: 39
    Warning (13410): Pin "s_axi_rdata[20]" is stuck at GND File: C:/Users/student/Documents/event-vault-R/event-vault-R/fpga/rtl/evaultr_top.sv Line: 39
    Warning (13410): Pin "s_axi_rdata[21]" is stuck at VCC File: C:/Users/student/Documents/event-vault-R/event-vault-R/fpga/rtl/evaultr_top.sv Line: 39
    Warning (13410): Pin "s_axi_rdata[22]" is stuck at GND File: C:/Users/student/Documents/event-vault-R/event-vault-R/fpga/rtl/evaultr_top.sv Line: 39
    Warning (13410): Pin "s_axi_rdata[23]" is stuck at VCC File: C:/Users/student/Documents/event-vault-R/event-vault-R/fpga/rtl/evaultr_top.sv Line: 39
    Warning (13410): Pin "s_axi_rdata[24]" is stuck at GND File: C:/Users/student/Documents/event-vault-R/event-vault-R/fpga/rtl/evaultr_top.sv Line: 39
    Warning (13410): Pin "s_axi_rdata[25]" is stuck at VCC File: C:/Users/student/Documents/event-vault-R/event-vault-R/fpga/rtl/evaultr_top.sv Line: 39
    Warning (13410): Pin "s_axi_rdata[26]" is stuck at VCC File: C:/Users/student/Documents/event-vault-R/event-vault-R/fpga/rtl/evaultr_top.sv Line: 39
    Warning (13410): Pin "s_axi_rdata[27]" is stuck at VCC File: C:/Users/student/Documents/event-vault-R/event-vault-R/fpga/rtl/evaultr_top.sv Line: 39
    Warning (13410): Pin "s_axi_rdata[28]" is stuck at VCC File: C:/Users/student/Documents/event-vault-R/event-vault-R/fpga/rtl/evaultr_top.sv Line: 39
    Warning (13410): Pin "s_axi_rdata[29]" is stuck at GND File: C:/Users/student/Documents/event-vault-R/event-vault-R/fpga/rtl/evaultr_top.sv Line: 39
    Warning (13410): Pin "s_axi_rdata[30]" is stuck at VCC File: C:/Users/student/Documents/event-vault-R/event-vault-R/fpga/rtl/evaultr_top.sv Line: 39
    Warning (13410): Pin "s_axi_rdata[31]" is stuck at VCC File: C:/Users/student/Documents/event-vault-R/event-vault-R/fpga/rtl/evaultr_top.sv Line: 39
    Warning (13410): Pin "s_axi_rresp[0]" is stuck at GND File: C:/Users/student/Documents/event-vault-R/event-vault-R/fpga/rtl/evaultr_top.sv Line: 40
    Warning (13410): Pin "s_axi_rresp[1]" is stuck at GND File: C:/Users/student/Documents/event-vault-R/event-vault-R/fpga/rtl/evaultr_top.sv Line: 40
Info (286030): Timing-Driven Synthesis is running
Info (17049): 99 registers lost all their fanouts during netlist optimizations.
Info (16010): Generating hard_block partition "hard_block:auto_generated_inst"
    Info (16011): Adding 0 node(s), including 0 DDIO, 0 PLL, 0 transceiver and 0 LCELL
Info (15717): Design contains 176 virtual pins; timing numbers associated with paths containing virtual pins are estimates
    Info (15718): Pin "s_axi_awaddr[0]" is virtual input pin File: C:/Users/student/Documents/event-vault-R/event-vault-R/fpga/rtl/evaultr_top.sv Line: 26
    Info (15718): Pin "s_axi_awaddr[1]" is virtual input pin File: C:/Users/student/Documents/event-vault-R/event-vault-R/fpga/rtl/evaultr_top.sv Line: 26
    Info (15718): Pin "s_axi_awaddr[2]" is virtual input pin File: C:/Users/student/Documents/event-vault-R/event-vault-R/fpga/rtl/evaultr_top.sv Line: 26
    Info (15718): Pin "s_axi_awaddr[3]" is virtual input pin File: C:/Users/student/Documents/event-vault-R/event-vault-R/fpga/rtl/evaultr_top.sv Line: 26
    Info (15718): Pin "s_axi_awaddr[4]" is virtual input pin File: C:/Users/student/Documents/event-vault-R/event-vault-R/fpga/rtl/evaultr_top.sv Line: 26
    Info (15718): Pin "s_axi_awaddr[5]" is virtual input pin File: C:/Users/student/Documents/event-vault-R/event-vault-R/fpga/rtl/evaultr_top.sv Line: 26
    Info (15718): Pin "s_axi_awaddr[6]" is virtual input pin File: C:/Users/student/Documents/event-vault-R/event-vault-R/fpga/rtl/evaultr_top.sv Line: 26
    Info (15718): Pin "s_axi_awaddr[7]" is virtual input pin File: C:/Users/student/Documents/event-vault-R/event-vault-R/fpga/rtl/evaultr_top.sv Line: 26
    Info (15718): Pin "s_axi_awaddr[8]" is virtual input pin File: C:/Users/student/Documents/event-vault-R/event-vault-R/fpga/rtl/evaultr_top.sv Line: 26
    Info (15718): Pin "s_axi_awaddr[9]" is virtual input pin File: C:/Users/student/Documents/event-vault-R/event-vault-R/fpga/rtl/evaultr_top.sv Line: 26
    Info (15718): Pin "s_axi_awaddr[10]" is virtual input pin File: C:/Users/student/Documents/event-vault-R/event-vault-R/fpga/rtl/evaultr_top.sv Line: 26
    Info (15718): Pin "s_axi_awaddr[11]" is virtual input pin File: C:/Users/student/Documents/event-vault-R/event-vault-R/fpga/rtl/evaultr_top.sv Line: 26
    Info (15719): Pin "s_axi_awready" is virtual output pin File: C:/Users/student/Documents/event-vault-R/event-vault-R/fpga/rtl/evaultr_top.sv Line: 28
    Info (15718): Pin "s_axi_wdata[0]" is virtual input pin File: C:/Users/student/Documents/event-vault-R/event-vault-R/fpga/rtl/evaultr_top.sv Line: 29
    Info (15718): Pin "s_axi_wdata[1]" is virtual input pin File: C:/Users/student/Documents/event-vault-R/event-vault-R/fpga/rtl/evaultr_top.sv Line: 29
    Info (15718): Pin "s_axi_wdata[2]" is virtual input pin File: C:/Users/student/Documents/event-vault-R/event-vault-R/fpga/rtl/evaultr_top.sv Line: 29
    Info (15718): Pin "s_axi_wdata[3]" is virtual input pin File: C:/Users/student/Documents/event-vault-R/event-vault-R/fpga/rtl/evaultr_top.sv Line: 29
    Info (15718): Pin "s_axi_wdata[4]" is virtual input pin File: C:/Users/student/Documents/event-vault-R/event-vault-R/fpga/rtl/evaultr_top.sv Line: 29
    Info (15718): Pin "s_axi_wdata[5]" is virtual input pin File: C:/Users/student/Documents/event-vault-R/event-vault-R/fpga/rtl/evaultr_top.sv Line: 29
    Info (15718): Pin "s_axi_wdata[6]" is virtual input pin File: C:/Users/student/Documents/event-vault-R/event-vault-R/fpga/rtl/evaultr_top.sv Line: 29
    Info (15718): Pin "s_axi_wdata[7]" is virtual input pin File: C:/Users/student/Documents/event-vault-R/event-vault-R/fpga/rtl/evaultr_top.sv Line: 29
    Info (15718): Pin "s_axi_wdata[8]" is virtual input pin File: C:/Users/student/Documents/event-vault-R/event-vault-R/fpga/rtl/evaultr_top.sv Line: 29
    Info (15718): Pin "s_axi_wdata[9]" is virtual input pin File: C:/Users/student/Documents/event-vault-R/event-vault-R/fpga/rtl/evaultr_top.sv Line: 29
    Info (15718): Pin "s_axi_wdata[10]" is virtual input pin File: C:/Users/student/Documents/event-vault-R/event-vault-R/fpga/rtl/evaultr_top.sv Line: 29
    Info (15718): Pin "s_axi_wdata[11]" is virtual input pin File: C:/Users/student/Documents/event-vault-R/event-vault-R/fpga/rtl/evaultr_top.sv Line: 29
    Info (15718): Pin "s_axi_wdata[12]" is virtual input pin File: C:/Users/student/Documents/event-vault-R/event-vault-R/fpga/rtl/evaultr_top.sv Line: 29
    Info (15718): Pin "s_axi_wdata[13]" is virtual input pin File: C:/Users/student/Documents/event-vault-R/event-vault-R/fpga/rtl/evaultr_top.sv Line: 29
    Info (15718): Pin "s_axi_wdata[14]" is virtual input pin File: C:/Users/student/Documents/event-vault-R/event-vault-R/fpga/rtl/evaultr_top.sv Line: 29
    Info (15718): Pin "s_axi_wdata[15]" is virtual input pin File: C:/Users/student/Documents/event-vault-R/event-vault-R/fpga/rtl/evaultr_top.sv Line: 29
    Info (15718): Pin "s_axi_wdata[16]" is virtual input pin File: C:/Users/student/Documents/event-vault-R/event-vault-R/fpga/rtl/evaultr_top.sv Line: 29
    Info (15718): Pin "s_axi_wdata[17]" is virtual input pin File: C:/Users/student/Documents/event-vault-R/event-vault-R/fpga/rtl/evaultr_top.sv Line: 29
    Info (15718): Pin "s_axi_wdata[18]" is virtual input pin File: C:/Users/student/Documents/event-vault-R/event-vault-R/fpga/rtl/evaultr_top.sv Line: 29
    Info (15718): Pin "s_axi_wdata[19]" is virtual input pin File: C:/Users/student/Documents/event-vault-R/event-vault-R/fpga/rtl/evaultr_top.sv Line: 29
    Info (15718): Pin "s_axi_wdata[20]" is virtual input pin File: C:/Users/student/Documents/event-vault-R/event-vault-R/fpga/rtl/evaultr_top.sv Line: 29
    Info (15718): Pin "s_axi_wdata[21]" is virtual input pin File: C:/Users/student/Documents/event-vault-R/event-vault-R/fpga/rtl/evaultr_top.sv Line: 29
    Info (15718): Pin "s_axi_wdata[22]" is virtual input pin File: C:/Users/student/Documents/event-vault-R/event-vault-R/fpga/rtl/evaultr_top.sv Line: 29
    Info (15718): Pin "s_axi_wdata[23]" is virtual input pin File: C:/Users/student/Documents/event-vault-R/event-vault-R/fpga/rtl/evaultr_top.sv Line: 29
    Info (15718): Pin "s_axi_wdata[24]" is virtual input pin File: C:/Users/student/Documents/event-vault-R/event-vault-R/fpga/rtl/evaultr_top.sv Line: 29
    Info (15718): Pin "s_axi_wdata[25]" is virtual input pin File: C:/Users/student/Documents/event-vault-R/event-vault-R/fpga/rtl/evaultr_top.sv Line: 29
    Info (15718): Pin "s_axi_wdata[26]" is virtual input pin File: C:/Users/student/Documents/event-vault-R/event-vault-R/fpga/rtl/evaultr_top.sv Line: 29
    Info (15718): Pin "s_axi_wdata[27]" is virtual input pin File: C:/Users/student/Documents/event-vault-R/event-vault-R/fpga/rtl/evaultr_top.sv Line: 29
    Info (15718): Pin "s_axi_wdata[28]" is virtual input pin File: C:/Users/student/Documents/event-vault-R/event-vault-R/fpga/rtl/evaultr_top.sv Line: 29
    Info (15718): Pin "s_axi_wdata[29]" is virtual input pin File: C:/Users/student/Documents/event-vault-R/event-vault-R/fpga/rtl/evaultr_top.sv Line: 29
    Info (15718): Pin "s_axi_wdata[30]" is virtual input pin File: C:/Users/student/Documents/event-vault-R/event-vault-R/fpga/rtl/evaultr_top.sv Line: 29
    Info (15718): Pin "s_axi_wdata[31]" is virtual input pin File: C:/Users/student/Documents/event-vault-R/event-vault-R/fpga/rtl/evaultr_top.sv Line: 29
    Info (15718): Pin "s_axi_wstrb[0]" is virtual input pin File: C:/Users/student/Documents/event-vault-R/event-vault-R/fpga/rtl/evaultr_top.sv Line: 30
    Info (15718): Pin "s_axi_wstrb[1]" is virtual input pin File: C:/Users/student/Documents/event-vault-R/event-vault-R/fpga/rtl/evaultr_top.sv Line: 30
    Info (15718): Pin "s_axi_wstrb[2]" is virtual input pin File: C:/Users/student/Documents/event-vault-R/event-vault-R/fpga/rtl/evaultr_top.sv Line: 30
    Info (15718): Pin "s_axi_wstrb[3]" is virtual input pin File: C:/Users/student/Documents/event-vault-R/event-vault-R/fpga/rtl/evaultr_top.sv Line: 30
    Info (15719): Pin "s_axi_wready" is virtual output pin File: C:/Users/student/Documents/event-vault-R/event-vault-R/fpga/rtl/evaultr_top.sv Line: 32
    Info (15719): Pin "s_axi_bresp[0]" is virtual output pin File: C:/Users/student/Documents/event-vault-R/event-vault-R/fpga/rtl/evaultr_top.sv Line: 33
    Info (15719): Pin "s_axi_bresp[1]" is virtual output pin File: C:/Users/student/Documents/event-vault-R/event-vault-R/fpga/rtl/evaultr_top.sv Line: 33
    Info (15719): Pin "s_axi_bvalid" is virtual output pin File: C:/Users/student/Documents/event-vault-R/event-vault-R/fpga/rtl/evaultr_top.sv Line: 34
    Info (15718): Pin "s_axi_araddr[0]" is virtual input pin File: C:/Users/student/Documents/event-vault-R/event-vault-R/fpga/rtl/evaultr_top.sv Line: 36
    Info (15718): Pin "s_axi_araddr[1]" is virtual input pin File: C:/Users/student/Documents/event-vault-R/event-vault-R/fpga/rtl/evaultr_top.sv Line: 36
    Info (15718): Pin "s_axi_araddr[2]" is virtual input pin File: C:/Users/student/Documents/event-vault-R/event-vault-R/fpga/rtl/evaultr_top.sv Line: 36
    Info (15718): Pin "s_axi_araddr[3]" is virtual input pin File: C:/Users/student/Documents/event-vault-R/event-vault-R/fpga/rtl/evaultr_top.sv Line: 36
    Info (15718): Pin "s_axi_araddr[4]" is virtual input pin File: C:/Users/student/Documents/event-vault-R/event-vault-R/fpga/rtl/evaultr_top.sv Line: 36
    Info (15718): Pin "s_axi_araddr[5]" is virtual input pin File: C:/Users/student/Documents/event-vault-R/event-vault-R/fpga/rtl/evaultr_top.sv Line: 36
    Info (15718): Pin "s_axi_araddr[6]" is virtual input pin File: C:/Users/student/Documents/event-vault-R/event-vault-R/fpga/rtl/evaultr_top.sv Line: 36
    Info (15718): Pin "s_axi_araddr[7]" is virtual input pin File: C:/Users/student/Documents/event-vault-R/event-vault-R/fpga/rtl/evaultr_top.sv Line: 36
    Info (15718): Pin "s_axi_araddr[8]" is virtual input pin File: C:/Users/student/Documents/event-vault-R/event-vault-R/fpga/rtl/evaultr_top.sv Line: 36
    Info (15718): Pin "s_axi_araddr[9]" is virtual input pin File: C:/Users/student/Documents/event-vault-R/event-vault-R/fpga/rtl/evaultr_top.sv Line: 36
    Info (15718): Pin "s_axi_araddr[10]" is virtual input pin File: C:/Users/student/Documents/event-vault-R/event-vault-R/fpga/rtl/evaultr_top.sv Line: 36
    Info (15718): Pin "s_axi_araddr[11]" is virtual input pin File: C:/Users/student/Documents/event-vault-R/event-vault-R/fpga/rtl/evaultr_top.sv Line: 36
    Info (15719): Pin "s_axi_arready" is virtual output pin File: C:/Users/student/Documents/event-vault-R/event-vault-R/fpga/rtl/evaultr_top.sv Line: 38
    Info (15719): Pin "s_axi_rdata[0]" is virtual output pin File: C:/Users/student/Documents/event-vault-R/event-vault-R/fpga/rtl/evaultr_top.sv Line: 39
    Info (15719): Pin "s_axi_rdata[1]" is virtual output pin File: C:/Users/student/Documents/event-vault-R/event-vault-R/fpga/rtl/evaultr_top.sv Line: 39
    Info (15719): Pin "s_axi_rdata[2]" is virtual output pin File: C:/Users/student/Documents/event-vault-R/event-vault-R/fpga/rtl/evaultr_top.sv Line: 39
    Info (15719): Pin "s_axi_rdata[3]" is virtual output pin File: C:/Users/student/Documents/event-vault-R/event-vault-R/fpga/rtl/evaultr_top.sv Line: 39
    Info (15719): Pin "s_axi_rdata[4]" is virtual output pin File: C:/Users/student/Documents/event-vault-R/event-vault-R/fpga/rtl/evaultr_top.sv Line: 39
    Info (15719): Pin "s_axi_rdata[5]" is virtual output pin File: C:/Users/student/Documents/event-vault-R/event-vault-R/fpga/rtl/evaultr_top.sv Line: 39
    Info (15719): Pin "s_axi_rdata[6]" is virtual output pin File: C:/Users/student/Documents/event-vault-R/event-vault-R/fpga/rtl/evaultr_top.sv Line: 39
    Info (15719): Pin "s_axi_rdata[7]" is virtual output pin File: C:/Users/student/Documents/event-vault-R/event-vault-R/fpga/rtl/evaultr_top.sv Line: 39
    Info (15719): Pin "s_axi_rdata[8]" is virtual output pin File: C:/Users/student/Documents/event-vault-R/event-vault-R/fpga/rtl/evaultr_top.sv Line: 39
    Info (15719): Pin "s_axi_rdata[9]" is virtual output pin File: C:/Users/student/Documents/event-vault-R/event-vault-R/fpga/rtl/evaultr_top.sv Line: 39
    Info (15719): Pin "s_axi_rdata[10]" is virtual output pin File: C:/Users/student/Documents/event-vault-R/event-vault-R/fpga/rtl/evaultr_top.sv Line: 39
    Info (15719): Pin "s_axi_rdata[11]" is virtual output pin File: C:/Users/student/Documents/event-vault-R/event-vault-R/fpga/rtl/evaultr_top.sv Line: 39
    Info (15719): Pin "s_axi_rdata[12]" is virtual output pin File: C:/Users/student/Documents/event-vault-R/event-vault-R/fpga/rtl/evaultr_top.sv Line: 39
    Info (15719): Pin "s_axi_rdata[13]" is virtual output pin File: C:/Users/student/Documents/event-vault-R/event-vault-R/fpga/rtl/evaultr_top.sv Line: 39
    Info (15719): Pin "s_axi_rdata[14]" is virtual output pin File: C:/Users/student/Documents/event-vault-R/event-vault-R/fpga/rtl/evaultr_top.sv Line: 39
    Info (15719): Pin "s_axi_rdata[15]" is virtual output pin File: C:/Users/student/Documents/event-vault-R/event-vault-R/fpga/rtl/evaultr_top.sv Line: 39
    Info (15719): Pin "s_axi_rdata[16]" is virtual output pin File: C:/Users/student/Documents/event-vault-R/event-vault-R/fpga/rtl/evaultr_top.sv Line: 39
    Info (15719): Pin "s_axi_rdata[17]" is virtual output pin File: C:/Users/student/Documents/event-vault-R/event-vault-R/fpga/rtl/evaultr_top.sv Line: 39
    Info (15719): Pin "s_axi_rdata[18]" is virtual output pin File: C:/Users/student/Documents/event-vault-R/event-vault-R/fpga/rtl/evaultr_top.sv Line: 39
    Info (15719): Pin "s_axi_rdata[19]" is virtual output pin File: C:/Users/student/Documents/event-vault-R/event-vault-R/fpga/rtl/evaultr_top.sv Line: 39
    Info (15719): Pin "s_axi_rdata[20]" is virtual output pin File: C:/Users/student/Documents/event-vault-R/event-vault-R/fpga/rtl/evaultr_top.sv Line: 39
    Info (15719): Pin "s_axi_rdata[21]" is virtual output pin File: C:/Users/student/Documents/event-vault-R/event-vault-R/fpga/rtl/evaultr_top.sv Line: 39
    Info (15719): Pin "s_axi_rdata[22]" is virtual output pin File: C:/Users/student/Documents/event-vault-R/event-vault-R/fpga/rtl/evaultr_top.sv Line: 39
    Info (15719): Pin "s_axi_rdata[23]" is virtual output pin File: C:/Users/student/Documents/event-vault-R/event-vault-R/fpga/rtl/evaultr_top.sv Line: 39
    Info (15719): Pin "s_axi_rdata[24]" is virtual output pin File: C:/Users/student/Documents/event-vault-R/event-vault-R/fpga/rtl/evaultr_top.sv Line: 39
    Info (15719): Pin "s_axi_rdata[25]" is virtual output pin File: C:/Users/student/Documents/event-vault-R/event-vault-R/fpga/rtl/evaultr_top.sv Line: 39
    Info (15719): Pin "s_axi_rdata[26]" is virtual output pin File: C:/Users/student/Documents/event-vault-R/event-vault-R/fpga/rtl/evaultr_top.sv Line: 39
    Info (15719): Pin "s_axi_rdata[27]" is virtual output pin File: C:/Users/student/Documents/event-vault-R/event-vault-R/fpga/rtl/evaultr_top.sv Line: 39
    Info (15719): Pin "s_axi_rdata[28]" is virtual output pin File: C:/Users/student/Documents/event-vault-R/event-vault-R/fpga/rtl/evaultr_top.sv Line: 39
    Info (15719): Pin "s_axi_rdata[29]" is virtual output pin File: C:/Users/student/Documents/event-vault-R/event-vault-R/fpga/rtl/evaultr_top.sv Line: 39
    Info (15719): Pin "s_axi_rdata[30]" is virtual output pin File: C:/Users/student/Documents/event-vault-R/event-vault-R/fpga/rtl/evaultr_top.sv Line: 39
    Info (15719): Pin "s_axi_rdata[31]" is virtual output pin File: C:/Users/student/Documents/event-vault-R/event-vault-R/fpga/rtl/evaultr_top.sv Line: 39
    Info (15719): Pin "s_axi_rresp[0]" is virtual output pin File: C:/Users/student/Documents/event-vault-R/event-vault-R/fpga/rtl/evaultr_top.sv Line: 40
    Info (15719): Pin "s_axi_rresp[1]" is virtual output pin File: C:/Users/student/Documents/event-vault-R/event-vault-R/fpga/rtl/evaultr_top.sv Line: 40
    Info (15719): Pin "s_axi_rvalid" is virtual output pin File: C:/Users/student/Documents/event-vault-R/event-vault-R/fpga/rtl/evaultr_top.sv Line: 41
    Info (15718): Pin "s_axi_rready" is virtual input pin File: C:/Users/student/Documents/event-vault-R/event-vault-R/fpga/rtl/evaultr_top.sv Line: 42
    Info (15719): Pin "s_axis_tready" is virtual output pin File: C:/Users/student/Documents/event-vault-R/event-vault-R/fpga/rtl/evaultr_top.sv Line: 50
    Info (15719): Pin "m_axis_tdata[0]" is virtual output pin File: C:/Users/student/Documents/event-vault-R/event-vault-R/fpga/rtl/evaultr_top.sv Line: 55
    Info (15719): Pin "m_axis_tdata[1]" is virtual output pin File: C:/Users/student/Documents/event-vault-R/event-vault-R/fpga/rtl/evaultr_top.sv Line: 55
    Info (15719): Pin "m_axis_tdata[2]" is virtual output pin File: C:/Users/student/Documents/event-vault-R/event-vault-R/fpga/rtl/evaultr_top.sv Line: 55
    Info (15719): Pin "m_axis_tdata[3]" is virtual output pin File: C:/Users/student/Documents/event-vault-R/event-vault-R/fpga/rtl/evaultr_top.sv Line: 55
    Info (15719): Pin "m_axis_tdata[4]" is virtual output pin File: C:/Users/student/Documents/event-vault-R/event-vault-R/fpga/rtl/evaultr_top.sv Line: 55
    Info (15719): Pin "m_axis_tdata[5]" is virtual output pin File: C:/Users/student/Documents/event-vault-R/event-vault-R/fpga/rtl/evaultr_top.sv Line: 55
    Info (15719): Pin "m_axis_tdata[6]" is virtual output pin File: C:/Users/student/Documents/event-vault-R/event-vault-R/fpga/rtl/evaultr_top.sv Line: 55
    Info (15719): Pin "m_axis_tdata[7]" is virtual output pin File: C:/Users/student/Documents/event-vault-R/event-vault-R/fpga/rtl/evaultr_top.sv Line: 55
    Info (15719): Pin "m_axis_tdata[8]" is virtual output pin File: C:/Users/student/Documents/event-vault-R/event-vault-R/fpga/rtl/evaultr_top.sv Line: 55
    Info (15719): Pin "m_axis_tdata[9]" is virtual output pin File: C:/Users/student/Documents/event-vault-R/event-vault-R/fpga/rtl/evaultr_top.sv Line: 55
    Info (15719): Pin "m_axis_tdata[10]" is virtual output pin File: C:/Users/student/Documents/event-vault-R/event-vault-R/fpga/rtl/evaultr_top.sv Line: 55
    Info (15719): Pin "m_axis_tdata[11]" is virtual output pin File: C:/Users/student/Documents/event-vault-R/event-vault-R/fpga/rtl/evaultr_top.sv Line: 55
    Info (15719): Pin "m_axis_tdata[12]" is virtual output pin File: C:/Users/student/Documents/event-vault-R/event-vault-R/fpga/rtl/evaultr_top.sv Line: 55
    Info (15719): Pin "m_axis_tdata[13]" is virtual output pin File: C:/Users/student/Documents/event-vault-R/event-vault-R/fpga/rtl/evaultr_top.sv Line: 55
    Info (15719): Pin "m_axis_tdata[14]" is virtual output pin File: C:/Users/student/Documents/event-vault-R/event-vault-R/fpga/rtl/evaultr_top.sv Line: 55
    Info (15719): Pin "m_axis_tdata[15]" is virtual output pin File: C:/Users/student/Documents/event-vault-R/event-vault-R/fpga/rtl/evaultr_top.sv Line: 55
    Info (15719): Pin "m_axis_tdata[16]" is virtual output pin File: C:/Users/student/Documents/event-vault-R/event-vault-R/fpga/rtl/evaultr_top.sv Line: 55
    Info (15719): Pin "m_axis_tdata[17]" is virtual output pin File: C:/Users/student/Documents/event-vault-R/event-vault-R/fpga/rtl/evaultr_top.sv Line: 55
    Info (15719): Pin "m_axis_tdata[18]" is virtual output pin File: C:/Users/student/Documents/event-vault-R/event-vault-R/fpga/rtl/evaultr_top.sv Line: 55
    Info (15719): Pin "m_axis_tdata[19]" is virtual output pin File: C:/Users/student/Documents/event-vault-R/event-vault-R/fpga/rtl/evaultr_top.sv Line: 55
    Info (15719): Pin "m_axis_tdata[20]" is virtual output pin File: C:/Users/student/Documents/event-vault-R/event-vault-R/fpga/rtl/evaultr_top.sv Line: 55
    Info (15719): Pin "m_axis_tdata[21]" is virtual output pin File: C:/Users/student/Documents/event-vault-R/event-vault-R/fpga/rtl/evaultr_top.sv Line: 55
    Info (15719): Pin "m_axis_tdata[22]" is virtual output pin File: C:/Users/student/Documents/event-vault-R/event-vault-R/fpga/rtl/evaultr_top.sv Line: 55
    Info (15719): Pin "m_axis_tdata[23]" is virtual output pin File: C:/Users/student/Documents/event-vault-R/event-vault-R/fpga/rtl/evaultr_top.sv Line: 55
    Info (15719): Pin "m_axis_tdata[24]" is virtual output pin File: C:/Users/student/Documents/event-vault-R/event-vault-R/fpga/rtl/evaultr_top.sv Line: 55
    Info (15719): Pin "m_axis_tdata[25]" is virtual output pin File: C:/Users/student/Documents/event-vault-R/event-vault-R/fpga/rtl/evaultr_top.sv Line: 55
    Info (15719): Pin "m_axis_tdata[26]" is virtual output pin File: C:/Users/student/Documents/event-vault-R/event-vault-R/fpga/rtl/evaultr_top.sv Line: 55
    Info (15719): Pin "m_axis_tdata[27]" is virtual output pin File: C:/Users/student/Documents/event-vault-R/event-vault-R/fpga/rtl/evaultr_top.sv Line: 55
    Info (15719): Pin "m_axis_tdata[28]" is virtual output pin File: C:/Users/student/Documents/event-vault-R/event-vault-R/fpga/rtl/evaultr_top.sv Line: 55
    Info (15719): Pin "m_axis_tdata[29]" is virtual output pin File: C:/Users/student/Documents/event-vault-R/event-vault-R/fpga/rtl/evaultr_top.sv Line: 55
    Info (15719): Pin "m_axis_tdata[30]" is virtual output pin File: C:/Users/student/Documents/event-vault-R/event-vault-R/fpga/rtl/evaultr_top.sv Line: 55
    Info (15719): Pin "m_axis_tdata[31]" is virtual output pin File: C:/Users/student/Documents/event-vault-R/event-vault-R/fpga/rtl/evaultr_top.sv Line: 55
    Info (15719): Pin "m_axis_tvalid" is virtual output pin File: C:/Users/student/Documents/event-vault-R/event-vault-R/fpga/rtl/evaultr_top.sv Line: 56
    Info (15719): Pin "m_axis_tlast" is virtual output pin File: C:/Users/student/Documents/event-vault-R/event-vault-R/fpga/rtl/evaultr_top.sv Line: 57
    Info (15718): Pin "m_axis_tready" is virtual input pin File: C:/Users/student/Documents/event-vault-R/event-vault-R/fpga/rtl/evaultr_top.sv Line: 59
    Info (15718): Pin "s_axi_arvalid" is virtual input pin File: C:/Users/student/Documents/event-vault-R/event-vault-R/fpga/rtl/evaultr_top.sv Line: 37
    Info (15718): Pin "s_axi_awvalid" is virtual input pin File: C:/Users/student/Documents/event-vault-R/event-vault-R/fpga/rtl/evaultr_top.sv Line: 27
    Info (15718): Pin "s_axi_wvalid" is virtual input pin File: C:/Users/student/Documents/event-vault-R/event-vault-R/fpga/rtl/evaultr_top.sv Line: 31
    Info (15718): Pin "s_axi_bready" is virtual input pin File: C:/Users/student/Documents/event-vault-R/event-vault-R/fpga/rtl/evaultr_top.sv Line: 35
    Info (15718): Pin "s_axis_tvalid" is virtual input pin File: C:/Users/student/Documents/event-vault-R/event-vault-R/fpga/rtl/evaultr_top.sv Line: 48
    Info (15718): Pin "s_axis_tlast" is virtual input pin File: C:/Users/student/Documents/event-vault-R/event-vault-R/fpga/rtl/evaultr_top.sv Line: 49
    Info (15718): Pin "s_axis_tdata[0]" is virtual input pin File: C:/Users/student/Documents/event-vault-R/event-vault-R/fpga/rtl/evaultr_top.sv Line: 47
    Info (15718): Pin "s_axis_tdata[1]" is virtual input pin File: C:/Users/student/Documents/event-vault-R/event-vault-R/fpga/rtl/evaultr_top.sv Line: 47
    Info (15718): Pin "s_axis_tdata[2]" is virtual input pin File: C:/Users/student/Documents/event-vault-R/event-vault-R/fpga/rtl/evaultr_top.sv Line: 47
    Info (15718): Pin "s_axis_tdata[3]" is virtual input pin File: C:/Users/student/Documents/event-vault-R/event-vault-R/fpga/rtl/evaultr_top.sv Line: 47
    Info (15718): Pin "s_axis_tdata[4]" is virtual input pin File: C:/Users/student/Documents/event-vault-R/event-vault-R/fpga/rtl/evaultr_top.sv Line: 47
    Info (15718): Pin "s_axis_tdata[5]" is virtual input pin File: C:/Users/student/Documents/event-vault-R/event-vault-R/fpga/rtl/evaultr_top.sv Line: 47
    Info (15718): Pin "s_axis_tdata[6]" is virtual input pin File: C:/Users/student/Documents/event-vault-R/event-vault-R/fpga/rtl/evaultr_top.sv Line: 47
    Info (15718): Pin "s_axis_tdata[7]" is virtual input pin File: C:/Users/student/Documents/event-vault-R/event-vault-R/fpga/rtl/evaultr_top.sv Line: 47
    Info (15718): Pin "s_axis_tdata[8]" is virtual input pin File: C:/Users/student/Documents/event-vault-R/event-vault-R/fpga/rtl/evaultr_top.sv Line: 47
    Info (15718): Pin "s_axis_tdata[9]" is virtual input pin File: C:/Users/student/Documents/event-vault-R/event-vault-R/fpga/rtl/evaultr_top.sv Line: 47
    Info (15718): Pin "s_axis_tdata[10]" is virtual input pin File: C:/Users/student/Documents/event-vault-R/event-vault-R/fpga/rtl/evaultr_top.sv Line: 47
    Info (15718): Pin "s_axis_tdata[11]" is virtual input pin File: C:/Users/student/Documents/event-vault-R/event-vault-R/fpga/rtl/evaultr_top.sv Line: 47
    Info (15718): Pin "s_axis_tdata[12]" is virtual input pin File: C:/Users/student/Documents/event-vault-R/event-vault-R/fpga/rtl/evaultr_top.sv Line: 47
    Info (15718): Pin "s_axis_tdata[13]" is virtual input pin File: C:/Users/student/Documents/event-vault-R/event-vault-R/fpga/rtl/evaultr_top.sv Line: 47
    Info (15718): Pin "s_axis_tdata[14]" is virtual input pin File: C:/Users/student/Documents/event-vault-R/event-vault-R/fpga/rtl/evaultr_top.sv Line: 47
    Info (15718): Pin "s_axis_tdata[15]" is virtual input pin File: C:/Users/student/Documents/event-vault-R/event-vault-R/fpga/rtl/evaultr_top.sv Line: 47
    Info (15718): Pin "s_axis_tdata[16]" is virtual input pin File: C:/Users/student/Documents/event-vault-R/event-vault-R/fpga/rtl/evaultr_top.sv Line: 47
    Info (15718): Pin "s_axis_tdata[17]" is virtual input pin File: C:/Users/student/Documents/event-vault-R/event-vault-R/fpga/rtl/evaultr_top.sv Line: 47
    Info (15718): Pin "s_axis_tdata[18]" is virtual input pin File: C:/Users/student/Documents/event-vault-R/event-vault-R/fpga/rtl/evaultr_top.sv Line: 47
    Info (15718): Pin "s_axis_tdata[19]" is virtual input pin File: C:/Users/student/Documents/event-vault-R/event-vault-R/fpga/rtl/evaultr_top.sv Line: 47
    Info (15718): Pin "s_axis_tdata[20]" is virtual input pin File: C:/Users/student/Documents/event-vault-R/event-vault-R/fpga/rtl/evaultr_top.sv Line: 47
    Info (15718): Pin "s_axis_tdata[21]" is virtual input pin File: C:/Users/student/Documents/event-vault-R/event-vault-R/fpga/rtl/evaultr_top.sv Line: 47
    Info (15718): Pin "s_axis_tdata[22]" is virtual input pin File: C:/Users/student/Documents/event-vault-R/event-vault-R/fpga/rtl/evaultr_top.sv Line: 47
    Info (15718): Pin "s_axis_tdata[23]" is virtual input pin File: C:/Users/student/Documents/event-vault-R/event-vault-R/fpga/rtl/evaultr_top.sv Line: 47
    Info (15718): Pin "s_axis_tdata[24]" is virtual input pin File: C:/Users/student/Documents/event-vault-R/event-vault-R/fpga/rtl/evaultr_top.sv Line: 47
    Info (15718): Pin "s_axis_tdata[25]" is virtual input pin File: C:/Users/student/Documents/event-vault-R/event-vault-R/fpga/rtl/evaultr_top.sv Line: 47
    Info (15718): Pin "s_axis_tdata[26]" is virtual input pin File: C:/Users/student/Documents/event-vault-R/event-vault-R/fpga/rtl/evaultr_top.sv Line: 47
    Info (15718): Pin "s_axis_tdata[27]" is virtual input pin File: C:/Users/student/Documents/event-vault-R/event-vault-R/fpga/rtl/evaultr_top.sv Line: 47
    Info (15718): Pin "s_axis_tdata[28]" is virtual input pin File: C:/Users/student/Documents/event-vault-R/event-vault-R/fpga/rtl/evaultr_top.sv Line: 47
    Info (15718): Pin "s_axis_tdata[29]" is virtual input pin File: C:/Users/student/Documents/event-vault-R/event-vault-R/fpga/rtl/evaultr_top.sv Line: 47
    Info (15718): Pin "s_axis_tdata[30]" is virtual input pin File: C:/Users/student/Documents/event-vault-R/event-vault-R/fpga/rtl/evaultr_top.sv Line: 47
    Info (15718): Pin "s_axis_tdata[31]" is virtual input pin File: C:/Users/student/Documents/event-vault-R/event-vault-R/fpga/rtl/evaultr_top.sv Line: 47
Warning (15752): Ignored 2 Virtual Pin logic option assignments
    Warning (15720): Ignored Virtual Pin assignment to node "s_axi_bvalid~reg0"
    Warning (15720): Ignored Virtual Pin assignment to node "s_axi_bvalid~0"
Info (21057): Implemented 2665 device resources after synthesis - the final resource count might be different
    Info (21058): Implemented 2 input pins
    Info (21059): Implemented 0 output pins
    Info (21061): Implemented 2296 logic cells
    Info (21064): Implemented 352 RAM segments
    Info (21062): Implemented 15 DSP elements
Info: Quartus Prime Analysis & Synthesis was successful. 0 errors, 150 warnings
    Info: Peak virtual memory: 4967 megabytes
    Info: Processing ended: Tue Sep 22 18:59:01 2026
    Info: Elapsed time: 00:00:10
    Info: Total CPU time (on all processors): 00:00:19


